,observation,feature,newnn_class,probability,new_value
0,1,radius,0,0.0,-1.6647616798292684
1,1,radius,0,0.0,-1.6465298721382005
2,1,radius,0,0.0,-1.628298064447132
3,1,radius,0,0.0,-1.610066256756064
4,1,radius,0,0.0,-1.5918344490649958
5,1,radius,0,0.0,-1.573602641373928
6,1,radius,0,0.0,-1.5553708336828596
7,1,radius,0,0.0,-1.5371390259917916
8,1,radius,0,0.0,-1.5189072183007235
9,1,radius,0,0.0,-1.500675410609655
10,1,radius,0,0.0,-1.4824436029185872
11,1,radius,0,0.0,-1.464211795227519
12,1,radius,0,0.0,-1.4459799875364507
13,1,radius,0,0.0,-1.4277481798453826
14,1,radius,0,0.0,-1.4095163721543147
15,1,radius,0,0.0,-1.3912845644632463
16,1,radius,0,0.0,-1.3730527567721784
17,1,radius,0,0.0,-1.3548209490811105
18,1,radius,0,0.0,-1.3365891413900424
19,1,radius,0,0.0,-1.3183573336989742
20,1,radius,0,0.0,-1.300125526007906
21,1,radius,0,0.0,-1.2818937183168382
22,1,radius,0,0.0,-1.2636619106257698
23,1,radius,0,0.0,-1.245430102934702
24,1,radius,0,0.0,-1.2271982952436336
25,1,radius,0,0.0,-1.2089664875525656
26,1,radius,0,0.0,-1.1907346798614975
27,1,radius,0,0.0,-1.1725028721704291
28,1,radius,0,0.0,-1.154271064479361
29,1,radius,0,0.0,-1.136039256788293
30,1,radius,0,0.0,-1.1178074490972247
31,1,radius,0,0.0,-1.0995756414061568
32,1,radius,0,0.0,-1.0813438337150887
33,1,radius,0,0.0,-1.0631120260240203
34,1,radius,0,0.0,-1.0448802183329524
35,1,radius,0,0.0,-1.0266484106418843
36,1,radius,0,0.0,-1.0084166029508161
37,1,radius,0,0.0,-0.990184795259748
38,1,radius,0,0.0,-0.97195298756868
39,1,radius,0,0.0,-0.9537211798776118
40,1,radius,0,0.0,-0.9354893721865438
41,1,radius,0,0.0,-0.9172575644954754
42,1,radius,0,0.0,-0.8990257568044075
43,1,radius,0,0.0,-0.8807939491133394
44,1,radius,0,0.0,-0.8625621414222712
45,1,radius,0,0.0,-0.8443303337312031
46,1,radius,0,0.0,-0.826098526040135
47,1,radius,0,0.0,-0.8078667183490669
48,1,radius,0,0.0,-0.7896349106579987
49,1,radius,0,0.0,-0.7714031029669307
50,1,radius,0,0.0,-0.7531712952758625
51,1,radius,0,0.0,-0.7349394875847945
52,1,radius,0,0.0,-0.7167076798937265
53,1,radius,0,0.0,-0.6984758722026583
54,1,radius,0,0.0,-0.6802440645115901
55,1,radius,0,0.0,-0.662012256820522
56,1,radius,0,0.0,-0.6437804491294538
57,1,radius,0,0.0,-0.6255486414383857
58,1,radius,0,0.0,-0.6073168337473176
59,1,radius,0,0.0,-0.5890850260562497
60,1,radius,0,0.0,-0.5708532183651815
61,1,radius,0,0.0,-0.5526214106741134
62,1,radius,0,0.0,-0.5343896029830452
63,1,radius,0,0.0,-0.5161577952919771
64,1,radius,0,0.0,-0.4979259876009089
65,1,radius,0,0.0,-0.4796941799098409
66,1,radius,0,0.0,-0.4614623722187727
67,1,radius,0,0.0,-0.4432305645277046
68,1,radius,0,0.0,-0.4249987568366365
69,1,radius,0,0.0,-0.4067669491455683
70,1,radius,0,0.0,-0.3885351414545004
71,1,radius,0,0.0,-0.3703033337634323
72,1,radius,0,0.0,-0.3520715260723641
73,1,radius,0,0.0,-0.333839718381296
74,1,radius,0,0.0,-0.31560791069022787
75,1,radius,0,0.0,-0.29737610299915973
76,1,radius,0,0.0,-0.2791442953080916
77,1,radius,0,0.0,-0.2609124876170234
78,1,radius,0,0.0,-0.24268067992595524
79,1,radius,0,0.0,-0.2244488722348872
80,1,radius,0,0.0,-0.20621706454381927
81,1,radius,0,0.0,-0.18798525685275116
82,1,radius,0,0.0,-0.169753449161683
83,1,radius,0,0.0,-0.15152164147061484
84,1,radius,0,0.0,-0.13328983377954673
85,1,radius,0,0.0,-0.1150580260884786
86,1,radius,0,0.0,-0.09682621839741043
87,1,radius,0,0.0,-0.07859441070634231
88,1,radius,0,0.0,-0.060362603015274185
89,1,radius,0,0.0,-0.04213079532420605
90,1,radius,0,0.0,-0.023898987633137917
91,1,radius,0,0.0,-0.005667179942069999
92,1,radius,0,0.0,0.012564627748998136
93,1,radius,0,0.0,0.030796435440066276
94,1,radius,0,0.0,0.0490282431311344
95,1,radius,0,0.0,0.06726005082220254
96,1,radius,0,0.0,0.0854918585132707
97,1,radius,0,0.0,0.1037236662043388
98,1,radius,0,0.0,0.12195547389540695
99,1,radius,0,0.0,0.14018728158647506
100,1,radius,0,0.0,0.15841908927754322
101,1,radius,0,0.0,0.17665089696861136
102,1,radius,0,0.0,0.1948827046596793
103,1,radius,0,0.0,0.2131145123507474
104,1,radius,0,0.0,0.23134632004181555
105,1,radius,0,0.2,0.24957812773288365
106,1,radius,0,0.2,0.2678099354239518
107,1,radius,0,0.2,0.28604174311501995
108,1,radius,0,0.2,0.30427355080608803
109,1,radius,0,0.2,0.3225053584971562
110,1,radius,0,0.2,0.3407371661882244
111,1,radius,0,0.2,0.3589689738792923
112,1,radius,0,0.2,0.37720078157036063
113,1,radius,0,0.2,0.3954325892614285
114,1,radius,0,0.2,0.4136643969524969
115,1,radius,0,0.2,0.4318962046435648
116,1,radius,0,0.2,0.4501280123346332
117,1,radius,0,0.2,0.4683598200257011
118,1,radius,0,0.2,0.486591627716769
119,1,radius,0,0.2,0.5048234354078374
120,1,radius,0,0.2,0.5230552430989053
121,1,radius,0,0.2,0.5412870507899736
122,1,radius,0,0.2,0.5595188584810415
123,1,radius,0,0.2,0.57775066617211
124,1,radius,0,0.2,0.5959824738631777
125,1,radius,0,0.2,0.6142142815542461
126,1,radius,0,0.2,0.632446089245314
127,1,radius,0,0.2,0.6506778969363824
128,1,radius,0,0.2,0.6689097046274504
129,1,radius,0,0.2,0.6871415123185183
130,1,radius,0,0.2,0.7053733200095866
131,1,radius,0,0.2,0.7236051277006545
132,1,radius,0,0.2,0.7418369353917229
133,1,radius,0,0.2,0.7600687430827907
134,1,radius,0,0.2,0.7783005507738591
135,1,radius,0,0.2,0.7965323584649272
136,1,radius,0,0.2,0.8147641661559955
137,1,radius,0,0.2,0.8329959738470633
138,1,radius,0,0.2,0.8512277815381317
139,1,radius,0,0.2,0.8694595892291996
140,1,radius,0,0.2,0.8876913969202676
141,1,radius,0,0.2,0.905923204611336
142,1,radius,0,0.2,0.9241550123024038
143,1,radius,0,0.2,0.942386819993472
144,1,radius,0,0.2,0.9606186276845402
145,1,radius,0,0.2,0.9788504353756082
146,1,radius,0,0.2,0.9970822430666764
147,1,radius,0,0.2,1.0153140507577447
148,1,radius,0,0.2,1.0335458584488126
149,1,radius,0,0.2,1.051777666139881
150,1,radius,0,0.2,1.070009473830949
151,1,radius,0,0.2,1.0882412815220168
152,1,radius,0,0.2,1.1064730892130852
153,1,radius,0,0.2,1.124704896904153
154,1,radius,0,0.2,1.1429367045952217
155,1,radius,0,0.2,1.1611685122862894
156,1,radius,0,0.2,1.1794003199773575
157,1,radius,0,0.2,1.1976321276684259
158,1,radius,0,0.2,1.2158639353594942
159,1,radius,0,0.2,1.234095743050562
160,1,radius,0,0.2,1.2523275507416296
161,1,radius,0,0.2,1.2705593584326977
162,1,radius,0,0.2,1.288791166123766
163,1,radius,0,0.2,1.3070229738148345
164,1,radius,0,0.2,1.3252547815059024
165,1,radius,0,0.2,1.343486589196971
166,1,radius,0,0.2,1.3617183968880386
167,1,radius,0,0.2,1.379950204579107
168,1,radius,0,0.2,1.3981820122701747
169,1,radius,0,0.2,1.4164138199612433
170,1,radius,0,0.2,1.4346456276523112
171,1,radius,0,0.2,1.452877435343379
172,1,radius,0,0.2,1.4711092430344475
173,1,radius,0,0.2,1.4893410507255151
174,1,radius,0,0.2,1.5075728584165835
175,1,radius,0,0.2,1.5258046661076516
176,1,radius,0,0.2,1.54403647379872
177,1,radius,0,0.2,1.5622682814897881
178,1,radius,0,0.2,1.5805000891808565
179,1,radius,0,0.2,1.5987318968719237
180,1,radius,0,0.2,1.6169637045629923
181,1,radius,0,0.2,1.6351955122540607
182,1,radius,0,0.2,1.6534273199451284
183,1,radius,0,0.2,1.6716591276361967
184,1,radius,0,0.2,1.6898909353272649
185,1,radius,0,0.2,1.7081227430183332
186,1,radius,0,0.2,1.726354550709401
187,1,radius,0,0.2,1.744586358400469
188,1,radius,0,0.2,1.7628181660915374
189,1,radius,0,0.2,1.7810499737826053
190,1,radius,0,0.2,1.7992817814736732
191,1,radius,0,0.2,1.8175135891647416
192,1,radius,0,0.2,1.8357453968558095
193,1,radius,0,0.2,1.8539772045468776
194,1,radius,0,0.2,1.872209012237946
195,1,radius,0,0.2,1.8904408199290137
196,1,radius,0,0.2,1.9086726276200827
197,1,radius,0,0.2,1.92690443531115
198,1,radius,0,0.2,1.9451362430022183
199,1,radius,0,0.2,1.9633680506932865
200,1,radius,0,0.2,1.9815998583843548
201,1,radius,0,0.2,1.9998316660754227
202,1,radius,0,0.2,2.018063473766491
203,1,radius,0,0.2,2.036295281457559
204,1,radius,0,0.2,2.054527089148627
205,1,radius,0,0.2,2.0727588968396953
206,1,radius,0,0.2,2.090990704530763
207,1,radius,0,0.2,2.1092225122218315
208,1,radius,0,0.2,2.1274543199128995
209,1,radius,0,0.2,2.145686127603968
210,1,radius,0,0.2,2.163917935295036
211,1,radius,0,0.2,2.182149742986104
212,1,radius,0,0.2,2.2003815506771716
213,1,radius,0,0.2,2.2186133583682404
214,1,radius,0,0.2,2.236845166059308
215,1,radius,0,0.2,2.255076973750376
216,1,radius,0,0.2,2.2733087814414445
217,1,radius,0,0.2,2.2915405891325125
218,1,radius,0,0.2,2.309772396823581
219,1,radius,0,0.2,2.328004204514649
220,1,radius,0,0.2,2.3462360122057166
221,1,radius,0,0.2,2.364467819896785
222,1,radius,0,0.2,2.382699627587853
223,1,radius,0,0.2,2.4009314352789217
224,1,radius,0,0.2,2.4191632429699896
225,1,radius,0,0.2,2.4373950506610575
226,1,radius,0,0.2,2.455626858352125
227,1,radius,0,0.2,2.4738586660431934
228,1,radius,0,0.2,2.492090473734262
229,1,radius,0,0.2,2.51032228142533
230,1,radius,0,0.2,2.528554089116398
231,1,radius,0,0.2,2.5467858968074655
232,1,radius,0,0.2,2.5650177044985347
233,1,radius,0,0.2,2.5832495121896026
234,1,radius,0,0.2,2.6014813198806706
235,1,radius,0,0.2,2.619713127571738
236,1,radius,0,0.2,2.6379449352628064
237,1,radius,0,0.2,2.6561767429538756
238,1,radius,0,0.2,2.674408550644943
239,1,radius,0,0.2,2.692640358336011
240,1,radius,0,0.2,2.710872166027079
241,1,radius,0,0.2,2.729103973718148
242,1,radius,0,0.2,2.747335781409216
243,1,radius,0,0.2,2.765567589100283
244,1,radius,0,0.2,2.783799396791352
245,1,radius,0,0.2,2.8020312044824194
246,1,radius,0,0.2,2.820263012173488
247,1,radius,0,0.2,2.838494819864556
248,1,radius,0,0.2,2.856726627555624
249,1,radius,0,0.2,2.8749584352466924
250,1,texture,0,0.0,-1.864781130698488
251,1,texture,0,0.0,-1.8468439342909129
252,1,texture,0,0.0,-1.828906737883338
253,1,texture,0,0.0,-1.8109695414757627
254,1,texture,0,0.0,-1.7930323450681875
255,1,texture,0,0.0,-1.7750951486606126
256,1,texture,0,0.0,-1.7571579522530376
257,1,texture,0,0.0,-1.7392207558454627
258,1,texture,0,0.0,-1.7212835594378875
259,1,texture,0,0.0,-1.7033463630303125
260,1,texture,0,0.0,-1.6854091666227369
261,1,texture,0,0.0,-1.6674719702151617
262,1,texture,0,0.0,-1.6495347738075867
263,1,texture,0,0.0,-1.6315975774000115
264,1,texture,0,0.0,-1.6136603809924364
265,1,texture,0,0.0,-1.5957231845848614
266,1,texture,0,0.0,-1.5777859881772864
267,1,texture,0,0.0,-1.5598487917697115
268,1,texture,0,0.0,-1.541911595362136
269,1,texture,0,0.0,-1.523974398954561
270,1,texture,0,0.0,-1.506037202546986
271,1,texture,0,0.0,-1.488100006139411
272,1,texture,0,0.0,-1.4701628097318353
273,1,texture,0,0.0,-1.4522256133242604
274,1,texture,0,0.0,-1.4342884169166854
275,1,texture,0,0.0,-1.4163512205091102
276,1,texture,0,0.0,-1.3984140241015353
277,1,texture,0,0.0,-1.38047682769396
278,1,texture,0,0.0,-1.362539631286385
279,1,texture,0,0.0,-1.3446024348788097
280,1,texture,0,0.0,-1.3266652384712347
281,1,texture,0,0.0,-1.3087280420636596
282,1,texture,0,0.0,-1.2907908456560848
283,1,texture,0,0.0,-1.2728536492485094
284,1,texture,0,0.0,-1.2549164528409342
285,1,texture,0,0.0,-1.2369792564333593
286,1,texture,0,0.0,-1.2190420600257839
287,1,texture,0,0.0,-1.201104863618209
288,1,texture,0,0.0,-1.183167667210634
289,1,texture,0,0.0,-1.1652304708030583
290,1,texture,0,0.0,-1.1472932743954836
291,1,texture,0,0.0,-1.1293560779879084
292,1,texture,0,0.0,-1.1114188815803334
293,1,texture,0,0.0,-1.0934816851727582
294,1,texture,0,0.0,-1.075544488765183
295,1,texture,0,0.0,-1.0576072923576079
296,1,texture,0,0.0,-1.039670095950033
297,1,texture,0,0.0,-1.0217328995424575
298,1,texture,0,0.0,-1.0037957031348823
299,1,texture,0,0.0,-0.9858585067273076
300,1,texture,0,0.0,-0.9679213103197324
301,1,texture,0,0.0,-0.9499841139121572
302,1,texture,0,0.0,-0.932046917504582
303,1,texture,0,0.0,-0.9141097210970068
304,1,texture,0,0.0,-0.8961725246894318
305,1,texture,0,0.0,-0.8782353282818568
306,1,texture,0,0.0,-0.8602981318742817
307,1,texture,0,0.0,-0.8423609354667067
308,1,texture,0,0.0,-0.8244237390591314
309,1,texture,0,0.0,-0.8064865426515565
310,1,texture,0,0.0,-0.7885493462439811
311,1,texture,0,0.0,-0.770612149836406
312,1,texture,0,0.0,-0.7526749534288307
313,1,texture,0,0.0,-0.7347377570212558
314,1,texture,0,0.0,-0.7168005606136808
315,1,texture,0,0.0,-0.6988633642061055
316,1,texture,0,0.0,-0.6809261677985305
317,1,texture,0,0.0,-0.6629889713909554
318,1,texture,0,0.0,-0.6450517749833802
319,1,texture,0,0.0,-0.6271145785758049
320,1,texture,0,0.0,-0.60917738216823
321,1,texture,0,0.0,-0.5912401857606548
322,1,texture,0,0.0,-0.5733029893530797
323,1,texture,0,0.0,-0.5553657929455046
324,1,texture,0,0.0,-0.5374285965379295
325,1,texture,0,0.0,-0.5194914001303543
326,1,texture,0,0.0,-0.5015542037227795
327,1,texture,0,0.0,-0.4836170073152042
328,1,texture,0,0.0,-0.4656798109076289
329,1,texture,0,0.0,-0.44774261450005376
330,1,texture,0,0.0,-0.42980541809247885
331,1,texture,0,0.0,-0.4118682216849037
332,1,texture,0,0.0,-0.3939310252773285
333,1,texture,0,0.0,-0.3759938288697536
334,1,texture,0,0.0,-0.35805663246217834
335,1,texture,0,0.0,-0.34011943605460315
336,1,texture,0,0.0,-0.32218223964702813
337,1,texture,0,0.0,-0.304245043239453
338,1,texture,0,0.0,-0.2863078468318778
339,1,texture,0,0.0,-0.26837065042430264
340,1,texture,0,0.0,-0.2504334540167277
341,1,texture,0,0.0,-0.23249625760915246
342,1,texture,0,0.0,-0.21455906120157728
343,1,texture,0,0.0,-0.19662186479400237
344,1,texture,0,0.0,-0.1786846683864272
345,1,texture,0,0.0,-0.16074747197885197
346,1,texture,0,0.0,-0.1428102755712768
347,1,texture,0,0.0,-0.1248730791637018
348,1,texture,0,0.0,-0.10693588275612664
349,1,texture,0,0.0,-0.08899868634855145
350,1,texture,0,0.0,-0.0710614899409765
351,1,texture,0,0.0,-0.05312429353340131
352,1,texture,0,0.0,-0.03518709712582613
353,1,texture,0,0.0,-0.017249900718251165
354,1,texture,0,0.0,0.0006872956893240189
355,1,texture,0,0.0,0.018624492096899203
356,1,texture,0,0.0,0.036561688504474395
357,1,texture,0,0.0,0.05449888491204934
358,1,texture,0,0.0,0.07243608131962452
359,1,texture,0,0.0,0.09037327772719972
360,1,texture,0,0.0,0.10831047413477468
361,1,texture,0,0.0,0.12624767054234984
362,1,texture,0,0.0,0.14418486694992483
363,1,texture,0,0.0,0.16212206335750023
364,1,texture,0,0.0,0.1800592597650752
365,1,texture,0,0.0,0.1979964561726501
366,1,texture,0,0.0,0.2159336525802256
367,1,texture,0,0.0,0.2338708489878005
368,1,texture,0,0.0,0.2518080453953755
369,1,texture,0,0.0,0.26974524180295084
370,1,texture,0,0.0,0.2876824382105258
371,1,texture,0,0.0,0.30561963461810127
372,1,texture,0,0.0,0.3235568310256762
373,1,texture,0,0.0,0.3414940274332512
374,1,texture,0,0.0,0.35943122384082654
375,1,texture,0,0.0,0.3773684202484016
376,1,texture,0,0.0,0.39530561665597647
377,1,texture,0,0.0,0.41324281306355193
378,1,texture,0,0.0,0.4311800094711269
379,1,texture,0,0.0,0.4491172058787018
380,1,texture,0,0.0,0.4670544022862772
381,1,texture,0,0.0,0.4849915986938522
382,1,texture,0,0.0,0.5029287951014272
383,1,texture,0,0.0,0.5208659915090026
384,1,texture,0,0.0,0.5388031879165776
385,1,texture,0,0.0,0.5567403843241524
386,1,texture,0,0.0,0.574677580731728
387,1,texture,0,0.0,0.5926147771393029
388,1,texture,0,0.0,0.6105519735468783
389,1,texture,0,0.0,0.6284891699544533
390,1,texture,0,0.0,0.6464263663620282
391,1,texture,0,0.0,0.6643635627696036
392,1,texture,0,0.0,0.6823007591771786
393,1,texture,0,0.0,0.7002379555847537
394,1,texture,0,0.0,0.718175151992329
395,1,texture,0,0.0,0.7361123483999039
396,1,texture,0,0.0,0.7540495448074788
397,1,texture,0,0.0,0.7719867412150543
398,1,texture,0,0.0,0.7899239376226291
399,1,texture,0,0.0,0.8078611340302042
400,1,texture,0,0.0,0.8257983304377795
401,1,texture,0,0.0,0.8437355268453545
402,1,texture,0,0.0,0.8616727232529294
403,1,texture,0,0.0,0.879609919660505
404,1,texture,0,0.0,0.8975471160680799
405,1,texture,0,0.0,0.9154843124756546
406,1,texture,0,0.0,0.9334215088832304
407,1,texture,0,0.0,0.951358705290805
408,1,texture,0,0.0,0.9692959016983806
409,1,texture,0,0.0,0.9872330981059556
410,1,texture,0,0.0,1.0051702945135303
411,1,texture,0,0.0,1.023107490921106
412,1,texture,0,0.0,1.0410446873286807
413,1,texture,0,0.0,1.058981883736256
414,1,texture,0,0.0,1.0769190801438313
415,1,texture,0,0.0,1.0948562765514063
416,1,texture,0,0.0,1.1127934729589812
417,1,texture,0,0.0,1.1307306693665566
418,1,texture,0,0.0,1.1486678657741314
419,1,texture,0,0.0,1.1666050621817063
420,1,texture,0,0.0,1.1845422585892817
421,1,texture,0,0.0,1.2024794549968567
422,1,texture,0,0.0,1.220416651404432
423,1,texture,0,0.0,1.2383538478120073
424,1,texture,0,0.0,1.2562910442195823
425,1,texture,0,0.0,1.2742282406271577
426,1,texture,0,0.0,1.2921654370347326
427,1,texture,0,0.0,1.3101026334423076
428,1,texture,0,0.0,1.3280398298498832
429,1,texture,0,0.0,1.345977026257458
430,1,texture,0,0.0,1.3639142226650327
431,1,texture,0,0.0,1.3818514190726081
432,1,texture,0,0.0,1.3997886154801833
433,1,texture,0,0.0,1.4177258118877585
434,1,texture,0,0.0,1.4356630082953337
435,1,texture,0,0.0,1.4536002047029084
436,1,texture,0,0.0,1.4715374011104834
437,1,texture,0,0.0,1.489474597518059
438,1,texture,0,0.0,1.507411793925634
439,1,texture,0,0.0,1.525348990333209
440,1,texture,0,0.0,1.5432861867407843
441,1,texture,0,0.0,1.5612233831483593
442,1,texture,0,0.0,1.5791605795559347
443,1,texture,0,0.0,1.5970977759635099
444,1,texture,0,0.0,1.6150349723710846
445,1,texture,0,0.0,1.6329721687786598
446,1,texture,0,0.0,1.6509093651862348
447,1,texture,0,0.0,1.66884656159381
448,1,texture,0,0.0,1.6867837580013851
449,1,texture,0,0.0,1.70472095440896
450,1,texture,0,0.0,1.722658150816535
451,1,texture,0,0.0,1.7405953472241107
452,1,texture,0,0.0,1.7585325436316857
453,1,texture,0,0.0,1.7764697400392604
454,1,texture,0,0.0,1.7944069364468358
455,1,texture,0,0.0,1.8123441328544108
456,1,texture,0,0.0,1.8302813292619855
457,1,texture,0,0.0,1.8482185256695611
458,1,texture,0,0.0,1.8661557220771363
459,1,texture,0,0.0,1.8840929184847108
460,1,texture,0,0.0,1.9020301148922865
461,1,texture,0,0.0,1.9199673112998616
462,1,texture,0,0.0,1.9379045077074368
463,1,texture,0,0.0,1.955841704115012
464,1,texture,0,0.0,1.9737789005225868
465,1,texture,0,0.0,1.9917160969301628
466,1,texture,0,0.0,2.0096532933377373
467,1,texture,0,0.0,2.0275904897453123
468,1,texture,0,0.0,2.045527686152888
469,1,texture,0,0.0,2.0634648825604622
470,1,texture,0,0.0,2.081402078968038
471,1,texture,0,0.0,2.0993392753756126
472,1,texture,0,0.0,2.117276471783188
473,1,texture,0,0.0,2.1352136681907634
474,1,texture,0,0.0,2.1531508645983375
475,1,texture,0,0.0,2.1710880610059133
476,1,texture,0,0.0,2.1890252574134887
477,1,texture,0,0.0,2.2069624538210633
478,1,texture,0,0.0,2.2248996502286382
479,1,texture,0,0.0,2.242836846636214
480,1,texture,0,0.0,2.2607740430437886
481,1,texture,0,0.0,2.278711239451364
482,1,texture,0,0.0,2.2966484358589394
483,1,texture,0,0.0,2.3145856322665135
484,1,texture,0,0.0,2.3325228286740898
485,1,texture,0,0.0,2.3504600250816643
486,1,texture,0,0.0,2.3683972214892393
487,1,texture,0,0.0,2.386334417896814
488,1,texture,0,0.0,2.40427161430439
489,1,texture,0,0.0,2.422208810711965
490,1,texture,0,0.0,2.4401460071195396
491,1,texture,0,0.0,2.4580832035271154
492,1,texture,0,0.0,2.476020399934691
493,1,texture,0,0.0,2.4939575963422653
494,1,texture,0,0.0,2.5118947927498403
495,1,texture,0,0.0,2.529831989157416
496,1,texture,0,0.0,2.54776918556499
497,1,texture,0,0.0,2.565706381972566
498,1,texture,0,0.0,2.583643578380141
499,1,texture,0,0.0,2.6015807747877155
500,1,perimeter,0,0.0,-1.6377251168975644
501,1,perimeter,0,0.0,-1.6192844426400799
502,1,perimeter,0,0.0,-1.6008437683825956
503,1,perimeter,0,0.0,-1.582403094125111
504,1,perimeter,0,0.0,-1.563962419867627
505,1,perimeter,0,0.0,-1.5455217456101424
506,1,perimeter,0,0.0,-1.527081071352658
507,1,perimeter,0,0.0,-1.5086403970951732
508,1,perimeter,0,0.0,-1.4901997228376889
509,1,perimeter,0,0.0,-1.4717590485802046
510,1,perimeter,0,0.0,-1.45331837432272
511,1,perimeter,0,0.0,-1.4348777000652353
512,1,perimeter,0,0.0,-1.4164370258077512
513,1,perimeter,0,0.0,-1.3979963515502667
514,1,perimeter,0,0.0,-1.379555677292782
515,1,perimeter,0,0.0,-1.3611150030352979
516,1,perimeter,0,0.0,-1.342674328777813
517,1,perimeter,0,0.0,-1.3242336545203288
518,1,perimeter,0,0.0,-1.3057929802628443
519,1,perimeter,0,0.0,-1.2873523060053602
520,1,perimeter,0,0.0,-1.2689116317478755
521,1,perimeter,0,0.0,-1.2504709574903907
522,1,perimeter,0,0.0,-1.2320302832329064
523,1,perimeter,0,0.0,-1.213589608975422
524,1,perimeter,0,0.0,-1.1951489347179376
525,1,perimeter,0,0.0,-1.1767082604604533
526,1,perimeter,0,0.0,-1.1582675862029688
527,1,perimeter,0,0.0,-1.1398269119454842
528,1,perimeter,0,0.0,-1.121386237688
529,1,perimeter,0,0.0,-1.1029455634305154
530,1,perimeter,0,0.0,-1.0845048891730311
531,1,perimeter,0,0.0,-1.0660642149155466
532,1,perimeter,0,0.0,-1.047623540658062
533,1,perimeter,0,0.0,-1.0291828664005775
534,1,perimeter,0,0.0,-1.010742192143093
535,1,perimeter,0,0.0,-0.9923015178856088
536,1,perimeter,0,0.0,-0.9738608436281242
537,1,perimeter,0,0.0,-0.9554201693706396
538,1,perimeter,0,0.0,-0.9369794951131551
539,1,perimeter,0,0.0,-0.9185388208556708
540,1,perimeter,0,0.0,-0.9000981465981864
541,1,perimeter,0,0.0,-0.8816574723407021
542,1,perimeter,0,0.0,-0.8632167980832177
543,1,perimeter,0,0.0,-0.8447761238257331
544,1,perimeter,0,0.0,-0.8263354495682486
545,1,perimeter,0,0.0,-0.8078947753107641
546,1,perimeter,0,0.0,-0.7894541010532797
547,1,perimeter,0,0.0,-0.7710134267957952
548,1,perimeter,0,0.0,-0.7525727525383109
549,1,perimeter,0,0.0,-0.7341320782808262
550,1,perimeter,0,0.0,-0.7156914040233417
551,1,perimeter,0,0.0,-0.6972507297658574
552,1,perimeter,0,0.0,-0.6788100555083729
553,1,perimeter,0,0.0,-0.6603693812508884
554,1,perimeter,0,0.0,-0.641928706993404
555,1,perimeter,0,0.0,-0.6234880327359196
556,1,perimeter,0,0.0,-0.6050473584784353
557,1,perimeter,0,0.0,-0.5866066842209507
558,1,perimeter,0,0.0,-0.5681660099634662
559,1,perimeter,0,0.0,-0.5497253357059818
560,1,perimeter,0,0.0,-0.5312846614484973
561,1,perimeter,0,0.0,-0.5128439871910129
562,1,perimeter,0,0.0,-0.4944033129335284
563,1,perimeter,0,0.0,-0.475962638676044
564,1,perimeter,0,0.0,-0.4575219644185595
565,1,perimeter,0,0.0,-0.43908129016107494
566,1,perimeter,0,0.0,-0.42064061590359064
567,1,perimeter,0,0.0,-0.4021999416461062
568,1,perimeter,0,0.0,-0.38375926738862154
569,1,perimeter,0,0.0,-0.3653185931311373
570,1,perimeter,0,0.0,-0.3468779188736528
571,1,perimeter,0,0.0,-0.3284372446161683
572,1,perimeter,0,0.0,-0.3099965703586838
573,1,perimeter,0,0.0,-0.2915558961011995
574,1,perimeter,0,0.0,-0.2731152218437149
575,1,perimeter,0,0.0,-0.25467454758623037
576,1,perimeter,0,0.0,-0.2362338733287461
577,1,perimeter,0,0.0,-0.2177931990712616
578,1,perimeter,0,0.0,-0.1993525248137771
579,1,perimeter,0,0.0,-0.1809118505562928
580,1,perimeter,0,0.0,-0.16247117629880825
581,1,perimeter,0,0.0,-0.14403050204132373
582,1,perimeter,0,0.0,-0.12558982778383945
583,1,perimeter,0,0.0,-0.1071491535263549
584,1,perimeter,0,0.0,-0.08870847926887038
585,1,perimeter,0,0.0,-0.07026780501138609
586,1,perimeter,0,0.0,-0.05182713075390156
587,1,perimeter,0,0.0,-0.033386456496417034
588,1,perimeter,0,0.0,-0.014945782238932722
589,1,perimeter,0,0.0,0.0034948920185517984
590,1,perimeter,0,0.0,0.021935566276036322
591,1,perimeter,0,0.0,0.040376240533520846
592,1,perimeter,0,0.0,0.058816914791005134
593,1,perimeter,0,0.0,0.07725758904848966
594,1,perimeter,0,0.0,0.09569826330597421
595,1,perimeter,0,0.0,0.11413893756345847
596,1,perimeter,0,0.0,0.13257961182094302
597,1,perimeter,0,0.0,0.15102028607842755
598,1,perimeter,0,0.0,0.16946096033591185
599,1,perimeter,0,0.1,0.18790163459339643
600,1,perimeter,0,0.1,0.2063423088508809
601,1,perimeter,0,0.1,0.22478298310836517
602,1,perimeter,0,0.1,0.24322365736584964
603,1,perimeter,0,0.1,0.26166433162333425
604,1,perimeter,0,0.1,0.2801050058808188
605,1,perimeter,0,0.1,0.2985456801383031
606,1,perimeter,0,0.1,0.3169863543957876
607,1,perimeter,0,0.1,0.33542702865327206
608,1,perimeter,0,0.1,0.3538677029107564
609,1,perimeter,0,0.1,0.37230837716824094
610,1,perimeter,0,0.1,0.3907490514257255
611,1,perimeter,0,0.1,0.40918972568321
612,1,perimeter,0,0.1,0.4276303999406941
613,1,perimeter,0,0.1,0.44607107419817854
614,1,perimeter,0,0.1,0.4645117484556631
615,1,perimeter,0,0.1,0.4829524227131476
616,1,perimeter,0,0.1,0.5013930969706322
617,1,perimeter,0,0.1,0.5198337712281168
618,1,perimeter,0,0.1,0.5382744454856012
619,1,perimeter,0,0.1,0.5567151197430854
620,1,perimeter,0,0.1,0.5751557940005697
621,1,perimeter,0,0.1,0.5935964682580545
622,1,perimeter,0,0.1,0.6120371425155389
623,1,perimeter,0,0.1,0.6304778167730234
624,1,perimeter,0,0.1,0.6489184910305079
625,1,perimeter,0,0.1,0.6673591652879921
626,1,perimeter,0,0.1,0.6857998395454765
627,1,perimeter,0,0.1,0.7042405138029609
628,1,perimeter,0,0.1,0.7226811880604453
629,1,perimeter,0,0.1,0.7411218623179301
630,1,perimeter,0,0.1,0.7595625365754145
631,1,perimeter,0,0.1,0.7780032108328991
632,1,perimeter,0,0.1,0.7964438850903832
633,1,perimeter,0,0.1,0.8148845593478676
634,1,perimeter,0,0.1,0.8333252336053522
635,1,perimeter,0,0.1,0.8517659078628367
636,1,perimeter,0,0.1,0.8702065821203213
637,1,perimeter,0,0.1,0.8886472563778058
638,1,perimeter,0,0.1,0.9070879306352898
639,1,perimeter,0,0.1,0.9255286048927744
640,1,perimeter,0,0.1,0.943969279150259
641,1,perimeter,0,0.1,0.9624099534077436
642,1,perimeter,0,0.1,0.980850627665228
643,1,perimeter,0,0.1,0.9992913019227124
644,1,perimeter,0,0.1,1.017731976180197
645,1,perimeter,0,0.1,1.0361726504376811
646,1,perimeter,0,0.1,1.0546133246951657
647,1,perimeter,0,0.1,1.0730539989526502
648,1,perimeter,0,0.1,1.0914946732101347
649,1,perimeter,0,0.1,1.1099353474676192
650,1,perimeter,0,0.1,1.1283760217251035
651,1,perimeter,0,0.1,1.146816695982588
652,1,perimeter,0,0.1,1.1652573702400721
653,1,perimeter,0,0.1,1.183698044497557
654,1,perimeter,0,0.1,1.2021387187550416
655,1,perimeter,0,0.1,1.220579393012526
656,1,perimeter,0,0.1,1.2390200672700105
657,1,perimeter,0,0.1,1.2574607415274943
658,1,perimeter,0,0.1,1.275901415784979
659,1,perimeter,0,0.1,1.2943420900424638
660,1,perimeter,0,0.1,1.312782764299948
661,1,perimeter,0,0.1,1.3312234385574326
662,1,perimeter,0,0.1,1.3496641128149172
663,1,perimeter,0,0.1,1.3681047870724017
664,1,perimeter,0,0.1,1.3865454613298855
665,1,perimeter,0,0.1,1.4049861355873703
666,1,perimeter,0,0.1,1.4234268098448548
667,1,perimeter,0,0.1,1.441867484102339
668,1,perimeter,0,0.1,1.4603081583598236
669,1,perimeter,0,0.1,1.4787488326173084
670,1,perimeter,0,0.1,1.4971895068747925
671,1,perimeter,0,0.1,1.5156301811322768
672,1,perimeter,0,0.1,1.5340708553897615
673,1,perimeter,0,0.1,1.552511529647246
674,1,perimeter,0,0.1,1.5709522039047301
675,1,perimeter,0,0.1,1.589392878162215
676,1,perimeter,0,0.1,1.6078335524196992
677,1,perimeter,0,0.1,1.626274226677184
678,1,perimeter,0,0.1,1.6447149009346682
679,1,perimeter,0,0.1,1.663155575192153
680,1,perimeter,0,0.1,1.6815962494496373
681,1,perimeter,0,0.1,1.7000369237071216
682,1,perimeter,0,0.1,1.7184775979646063
683,1,perimeter,0,0.1,1.7369182722220902
684,1,perimeter,0,0.1,1.755358946479575
685,1,perimeter,0,0.1,1.7737996207370597
686,1,perimeter,0,0.1,1.7922402949945442
687,1,perimeter,0,0.1,1.8106809692520285
688,1,perimeter,0,0.1,1.8291216435095128
689,1,perimeter,0,0.1,1.8475623177669969
690,1,perimeter,0,0.1,1.8660029920244816
691,1,perimeter,0,0.1,1.884443666281966
692,1,perimeter,0,0.1,1.9028843405394504
693,1,perimeter,0,0.1,1.9213250147969352
694,1,perimeter,0,0.1,1.93976568905442
695,1,perimeter,0,0.1,1.958206363311904
696,1,perimeter,0,0.1,1.9766470375693883
697,1,perimeter,0,0.1,1.9950877118268728
698,1,perimeter,0,0.1,2.0135283860843574
699,1,perimeter,0,0.1,2.0319690603418414
700,1,perimeter,0,0.1,2.0504097345993264
701,1,perimeter,0,0.1,2.0688504088568114
702,1,perimeter,0,0.1,2.087291083114295
703,1,perimeter,0,0.1,2.1057317573717795
704,1,perimeter,0,0.1,2.124172431629264
705,1,perimeter,0,0.1,2.1426131058867486
706,1,perimeter,0,0.1,2.1610537801442327
707,1,perimeter,0,0.1,2.1794944544017176
708,1,perimeter,0,0.1,2.197935128659202
709,1,perimeter,0,0.1,2.2163758029166862
710,1,perimeter,0,0.1,2.2348164771741708
711,1,perimeter,0,0.1,2.253257151431655
712,1,perimeter,0,0.1,2.27169782568914
713,1,perimeter,0,0.1,2.2901384999466243
714,1,perimeter,0,0.1,2.308579174204109
715,1,perimeter,0,0.1,2.3270198484615934
716,1,perimeter,0,0.1,2.345460522719077
717,1,perimeter,0,0.1,2.3639011969765615
718,1,perimeter,0,0.1,2.3823418712340465
719,1,perimeter,0,0.1,2.400782545491531
720,1,perimeter,0,0.1,2.4192232197490156
721,1,perimeter,0,0.1,2.4376638940065
722,1,perimeter,0,0.1,2.4561045682639846
723,1,perimeter,0,0.1,2.4745452425214687
724,1,perimeter,0,0.1,2.4929859167789528
725,1,perimeter,0,0.1,2.511426591036437
726,1,perimeter,0,0.1,2.529867265293922
727,1,perimeter,0,0.1,2.5483079395514063
728,1,perimeter,0,0.1,2.566748613808891
729,1,perimeter,0,0.1,2.5851892880663754
730,1,perimeter,0,0.1,2.60362996232386
731,1,perimeter,0,0.1,2.6220706365813444
732,1,perimeter,0,0.1,2.6405113108388294
733,1,perimeter,0,0.1,2.658951985096313
734,1,perimeter,0,0.1,2.6773926593537976
735,1,perimeter,0,0.1,2.6958333336112825
736,1,perimeter,0,0.1,2.714274007868767
737,1,perimeter,0,0.1,2.73271468212625
738,1,perimeter,0,0.1,2.7511553563837348
739,1,perimeter,0,0.1,2.7695960306412197
740,1,perimeter,0,0.1,2.788036704898704
741,1,perimeter,0,0.1,2.806477379156189
742,1,perimeter,0,0.1,2.8249180534136737
743,1,perimeter,0,0.1,2.8433587276711574
744,1,perimeter,0,0.1,2.8617994019286424
745,1,perimeter,0,0.1,2.880240076186127
746,1,perimeter,0,0.1,2.8986807504436114
747,1,perimeter,0,0.1,2.917121424701096
748,1,perimeter,0,0.1,2.935562098958581
749,1,perimeter,0,0.1,2.9540027732160654
750,1,area,0,0.0,-1.2815635173350284
751,1,area,0,0.0,-1.2633817734876387
752,1,area,0,0.0,-1.2452000296402495
753,1,area,0,0.0,-1.2270182857928602
754,1,area,0,0.0,-1.2088365419454703
755,1,area,0,0.0,-1.1906547980980808
756,1,area,0,0.0,-1.172473054250691
757,1,area,0,0.0,-1.1542913104033021
758,1,area,0,0.0,-1.1361095665559124
759,1,area,0,0.0,-1.1179278227085228
760,1,area,0,0.0,-1.0997460788611335
761,1,area,0,0.0,-1.081564335013744
762,1,area,0,0.0,-1.0633825911663544
763,1,area,0,0.0,-1.045200847318965
764,1,area,0,0.0,-1.0270191034715752
765,1,area,0,0.0,-1.0088373596241857
766,1,area,0,0.0,-0.9906556157767964
767,1,area,0,0.0,-0.9724738719294068
768,1,area,0,0.0,-0.9542921280820176
769,1,area,0,0.0,-0.9361103842346278
770,1,area,0,0.0,-0.9179286403872384
771,1,area,0,0.0,-0.899746896539849
772,1,area,0,0.0,-0.8815651526924595
773,1,area,0,0.0,-0.8633834088450701
774,1,area,0,0.0,-0.8452016649976803
775,1,area,0,0.0,-0.8270199211502911
776,1,area,0,0.0,-0.8088381773029015
777,1,area,0,0.0,-0.7906564334555118
778,1,area,0,0.0,-0.7724746896081226
779,1,area,0,0.0,-0.7542929457607329
780,1,area,0,0.0,-0.7361112019133434
781,1,area,0,0.0,-0.717929458065954
782,1,area,0,0.0,-0.6997477142185645
783,1,area,0,0.0,-0.6815659703711752
784,1,area,0,0.0,-0.6633842265237855
785,1,area,0,0.0,-0.645202482676396
786,1,area,0,0.0,-0.6270207388290066
787,1,area,0,0.0,-0.608838994981617
788,1,area,0,0.0,-0.5906572511342275
789,1,area,0,0.0,-0.572475507286838
790,1,area,0,0.0,-0.5542937634394486
791,1,area,0,0.0,-0.536112019592059
792,1,area,0,0.0,-0.5179302757446697
793,1,area,0,0.0,-0.4997485318972801
794,1,area,0,0.0,-0.4815667880498905
795,1,area,0,0.0,-0.463385044202501
796,1,area,0,0.0,-0.4452033003551116
797,1,area,0,0.0,-0.4270215565077221
798,1,area,0,0.0,-0.4088398126603325
799,1,area,0,0.0,-0.3906580688129431
800,1,area,0,0.0,-0.3724763249655536
801,1,area,0,0.0,-0.3542945811181641
802,1,area,0,0.0,-0.33611283727077457
803,1,area,0,0.0,-0.3179310934233851
804,1,area,0,0.0,-0.29974934957599564
805,1,area,0,0.0,-0.2815676057286062
806,1,area,0,0.0,-0.2633858618812166
807,1,area,0,0.0,-0.24520411803382716
808,1,area,0,0.0,-0.2270223741864377
809,1,area,0,0.0,-0.2088406303390482
810,1,area,0,0.0,-0.19065888649165874
811,1,area,0,0.0,-0.17247714264426905
812,1,area,0,0.0,-0.15429539879687962
813,1,area,0,0.0,-0.13611365494949013
814,1,area,0,0.0,-0.11793191110210065
815,1,area,0,0.0,-0.09975016725471118
816,1,area,0,0.0,-0.08156842340732172
817,1,area,0,0.0,-0.06338667955993227
818,1,area,0,0.0,-0.045204935712542575
819,1,area,0,0.0,-0.02702319186515312
820,1,area,0,0.0,-0.008841448017763653
821,1,area,0,0.0,0.009340295829625811
822,1,area,0,0.0,0.027522039677015275
823,1,area,0,0.0,0.04570378352440474
824,1,area,0,0.0,0.06388552737179422
825,1,area,0,0.0,0.08206727121918389
826,1,area,0,0.0,0.10024901506657337
827,1,area,0,0.1,0.1184307589139628
828,1,area,0,0.2,0.1366125027613523
829,1,area,0,0.2,0.15479424660874172
830,1,area,0,0.2,0.1729759904561312
831,1,area,0,0.2,0.19115773430352068
832,1,area,0,0.2,0.2093394781509104
833,1,area,0,0.2,0.22752122199829986
834,1,area,0,0.2,0.2457029658456893
835,1,area,0,0.2,0.2638847096930787
836,1,area,0,0.2,0.2820664535404682
837,1,area,0,0.2,0.30024819738785763
838,1,area,0,0.2,0.31842994123524715
839,1,area,0,0.2,0.33661168508263684
840,1,area,0,0.2,0.3547934289300263
841,1,area,0,0.2,0.37297517277741576
842,1,area,0,0.2,0.3911569166248052
843,1,area,0,0.2,0.4093386604721946
844,1,area,0,0.2,0.42752040431958416
845,1,area,0,0.2,0.44570214816697357
846,1,area,0,0.2,0.4638838920143633
847,1,area,0,0.2,0.4820656358617528
848,1,area,0,0.2,0.5002473797091422
849,1,area,0,0.3,0.5184291235565317
850,1,area,0,0.3,0.5366108674039212
851,1,area,0,0.3,0.5547926112513106
852,1,area,0,0.3,0.5729743550987001
853,1,area,0,0.3,0.5911560989460896
854,1,area,0,0.3,0.6093378427934792
855,1,area,0,0.3,0.6275195866408687
856,1,area,0,0.3,0.6457013304882582
857,1,area,0,0.3,0.6638830743356476
858,1,area,0,0.3,0.6820648181830372
859,1,area,0,0.3,0.7002465620304266
860,1,area,0,0.3,0.7184283058778161
861,1,area,0,0.3,0.7366100497252056
862,1,area,0,0.3,0.7547917935725952
863,1,area,0,0.3,0.7729735374199844
864,1,area,0,0.3,0.7911552812673741
865,1,area,0,0.3,0.8093370251147638
866,1,area,0,0.3,0.827518768962153
867,1,area,0,0.3,0.8457005128095427
868,1,area,0,0.3,0.8638822566569317
869,1,area,0,0.3,0.8820640005043215
870,1,area,0,0.3,0.9002457443517108
871,1,area,0,0.3,0.9184274881991004
872,1,area,0,0.3,0.9366092320464902
873,1,area,0,0.3,0.9547909758938796
874,1,area,0,0.3,0.9729727197412692
875,1,area,0,0.3,0.9911544635886584
876,1,area,0,0.3,1.009336207436048
877,1,area,0,0.3,1.027517951283437
878,1,area,0,0.3,1.045699695130827
879,1,area,0,0.3,1.0638814389782167
880,1,area,0,0.3,1.0820631828256062
881,1,area,0,0.3,1.1002449266729957
882,1,area,0,0.3,1.1184266705203847
883,1,area,0,0.3,1.1366084143677746
884,1,area,0,0.3,1.154790158215164
885,1,area,0,0.3,1.1729719020625535
886,1,area,0,0.3,1.1911536459099432
887,1,area,0,0.3,1.2093353897573325
888,1,area,0,0.3,1.227517133604722
889,1,area,0,0.3,1.2456988774521114
890,1,area,0,0.3,1.263880621299501
891,1,area,0,0.3,1.2820623651468903
892,1,area,0,0.3,1.30024410899428
893,1,area,0,0.3,1.3184258528416697
894,1,area,0,0.3,1.3366075966890587
895,1,area,0,0.3,1.3547893405364486
896,1,area,0,0.3,1.3729710843838376
897,1,area,0,0.3,1.3911528282312273
898,1,area,0,0.3,1.409334572078617
899,1,area,0,0.3,1.4275163159260063
900,1,area,0,0.3,1.445698059773396
901,1,area,0,0.3,1.4638798036207852
902,1,area,0,0.3,1.4820615474681753
903,1,area,0,0.3,1.5002432913155646
904,1,area,0,0.3,1.518425035162954
905,1,area,0,0.3,1.536606779010343
906,1,area,0,0.3,1.5547885228577327
907,1,area,0,0.3,1.5729702667051226
908,1,area,0,0.3,1.5911520105525119
909,1,area,0,0.3,1.6093337543999013
910,1,area,0,0.3,1.6275154982472908
911,1,area,0,0.3,1.6456972420946805
912,1,area,0,0.3,1.6638789859420697
913,1,area,0,0.3,1.6820607297894594
914,1,area,0,0.3,1.700242473636849
915,1,area,0,0.3,1.7184242174842383
916,1,area,0,0.3,1.736605961331628
917,1,area,0,0.3,1.7547877051790173
918,1,area,0,0.3,1.7729694490264065
919,1,area,0,0.3,1.791151192873796
920,1,area,0,0.3,1.8093329367211857
921,1,area,0,0.3,1.8275146805685756
922,1,area,0,0.3,1.8456964244159648
923,1,area,0,0.3,1.8638781682633545
924,1,area,0,0.3,1.882059912110744
925,1,area,0,0.3,1.9002416559581332
926,1,area,0,0.3,1.9184233998055225
927,1,area,0,0.3,1.9366051436529124
928,1,area,0,0.3,1.954786887500302
929,1,area,0,0.3,1.9729686313476913
930,1,area,0,0.3,1.9911503751950808
931,1,area,0,0.3,2.00933211904247
932,1,area,0,0.3,2.02751386288986
933,1,area,0,0.3,2.0456956067372487
934,1,area,0,0.3,2.063877350584639
935,1,area,0,0.3,2.0820590944320285
936,1,area,0,0.3,2.1002408382794178
937,1,area,0,0.3,2.1184225821268075
938,1,area,0,0.3,2.1366043259741967
939,1,area,0,0.3,2.1547860698215864
940,1,area,0,0.3,2.172967813668976
941,1,area,0,0.3,2.1911495575163653
942,1,area,0,0.3,2.209331301363755
943,1,area,0,0.3,2.227513045211144
944,1,area,0,0.3,2.245694789058534
945,1,area,0,0.3,2.263876532905923
946,1,area,0,0.3,2.282058276753313
947,1,area,0,0.3,2.300240020600702
948,1,area,0,0.3,2.318421764448092
949,1,area,0,0.3,2.3366035082954806
950,1,area,0,0.3,2.3547852521428703
951,1,area,0,0.3,2.372966995990261
952,1,area,0,0.3,2.3911487398376496
953,1,area,0,0.3,2.4093304836850398
954,1,area,0,0.3,2.4275122275324286
955,1,area,0,0.3,2.4456939713798183
956,1,area,0,0.3,2.4638757152272075
957,1,area,0,0.3,2.4820574590745967
958,1,area,0,0.3,2.5002392029219873
959,1,area,0,0.3,2.5184209467693766
960,1,area,0,0.3,2.536602690616766
961,1,area,0,0.3,2.554784434464155
962,1,area,0,0.3,2.5729661783115447
963,1,area,0,0.3,2.591147922158934
964,1,area,0,0.3,2.6093296660063237
965,1,area,0,0.3,2.627511409853714
966,1,area,0,0.3,2.6456931537011026
967,1,area,0,0.3,2.6638748975484923
968,1,area,0,0.3,2.6820566413958815
969,1,area,0,0.3,2.700238385243271
970,1,area,0,0.3,2.7184201290906604
971,1,area,0,0.3,2.73660187293805
972,1,area,0,0.3,2.75478361678544
973,1,area,0,0.3,2.7729653606328286
974,1,area,0,0.3,2.791147104480219
975,1,area,0,0.3,2.809328848327608
976,1,area,0,0.3,2.827510592174997
977,1,area,0,0.3,2.845692336022388
978,1,area,0,0.3,2.8638740798697766
979,1,area,0,0.3,2.8820558237171654
980,1,area,0,0.3,2.9002375675645564
981,1,area,0,0.3,2.9184193114119448
982,1,area,0,0.3,2.936601055259335
983,1,area,0,0.3,2.954782799106724
984,1,area,0,0.3,2.9729645429541134
985,1,area,0,0.3,2.991146286801503
986,1,area,0,0.3,3.0093280306488923
987,1,area,0,0.3,3.027509774496282
988,1,area,0,0.3,3.0456915183436726
989,1,area,0,0.3,3.0638732621910605
990,1,area,0,0.3,3.08205500603845
991,1,area,0,0.3,3.1002367498858403
992,1,area,0,0.3,3.1184184937332295
993,1,area,0,0.3,3.136600237580619
994,1,area,0,0.3,3.154781981428009
995,1,area,0,0.3,3.1729637252753977
996,1,area,0,0.3,3.191145469122788
997,1,area,0,0.3,3.209327212970176
998,1,area,0,0.3,3.2275089568175668
999,1,area,0,0.3,3.245690700664956
1000,1,smooth,0,0.0,-1.8875150168350523
1001,1,smooth,0,0.0,-1.8691958320001063
1002,1,smooth,0,0.0,-1.8508766471651603
1003,1,smooth,0,0.0,-1.8325574623302143
1004,1,smooth,0,0.0,-1.8142382774952683
1005,1,smooth,0,0.0,-1.7959190926603226
1006,1,smooth,0,0.0,-1.7775999078253761
1007,1,smooth,0,0.0,-1.7592807229904304
1008,1,smooth,0,0.0,-1.7409615381554844
1009,1,smooth,0,0.0,-1.7226423533205386
1010,1,smooth,0,0.0,-1.7043231684855926
1011,1,smooth,0,0.0,-1.6860039836506469
1012,1,smooth,0,0.0,-1.6676847988157004
1013,1,smooth,0,0.0,-1.6493656139807544
1014,1,smooth,0,0.0,-1.6310464291458087
1015,1,smooth,0,0.0,-1.612727244310863
1016,1,smooth,0,0.0,-1.5944080594759167
1017,1,smooth,0,0.0,-1.5760888746409705
1018,1,smooth,0,0.0,-1.557769689806025
1019,1,smooth,0,0.0,-1.5394505049710785
1020,1,smooth,0,0.0,-1.5211313201361327
1021,1,smooth,0,0.0,-1.5028121353011867
1022,1,smooth,0,0.0,-1.4844929504662405
1023,1,smooth,0,0.0,-1.4661737656312948
1024,1,smooth,0,0.0,-1.447854580796349
1025,1,smooth,0,0.0,-1.4295353959614028
1026,1,smooth,0,0.0,-1.4112162111264568
1027,1,smooth,0,0.0,-1.3928970262915108
1028,1,smooth,0,0.0,-1.3745778414565648
1029,1,smooth,0,0.0,-1.356258656621619
1030,1,smooth,0,0.0,-1.3379394717866728
1031,1,smooth,0,0.0,-1.3196202869517266
1032,1,smooth,0,0.0,-1.3013011021167809
1033,1,smooth,0,0.0,-1.282981917281835
1034,1,smooth,0,0.0,-1.2646627324468889
1035,1,smooth,0,0.0,-1.2463435476119427
1036,1,smooth,0,0.0,-1.228024362776997
1037,1,smooth,0,0.0,-1.209705177942051
1038,1,smooth,0,0.0,-1.1913859931071047
1039,1,smooth,0,0.0,-1.1730668082721587
1040,1,smooth,0,0.0,-1.1547476234372125
1041,1,smooth,0,0.0,-1.1364284386022667
1042,1,smooth,0,0.0,-1.1181092537673207
1043,1,smooth,0,0.0,-1.0997900689323747
1044,1,smooth,0,0.0,-1.0814708840974288
1045,1,smooth,0,0.0,-1.063151699262483
1046,1,smooth,0,0.0,-1.0448325144275368
1047,1,smooth,0,0.0,-1.0265133295925912
1048,1,smooth,0,0.0,-1.008194144757645
1049,1,smooth,0,0.0,-0.9898749599226992
1050,1,smooth,0,0.0,-0.9715557750877531
1051,1,smooth,0,0.0,-0.9532365902528072
1052,1,smooth,0,0.0,-0.9349174054178612
1053,1,smooth,0,0.0,-0.9165982205829154
1054,1,smooth,0,0.0,-0.8982790357479693
1055,1,smooth,0,0.0,-0.8799598509130234
1056,1,smooth,0,0.0,-0.8616406660780773
1057,1,smooth,0,0.0,-0.8433214812431314
1058,1,smooth,0,0.0,-0.8250022964081853
1059,1,smooth,0,0.0,-0.8066831115732394
1060,1,smooth,0,0.0,-0.7883639267382933
1061,1,smooth,0,0.0,-0.7700447419033473
1062,1,smooth,0,0.0,-0.7517255570684013
1063,1,smooth,0,0.0,-0.7334063722334555
1064,1,smooth,0,0.0,-0.7150871873985094
1065,1,smooth,0,0.0,-0.6967680025635634
1066,1,smooth,0,0.0,-0.6784488177286175
1067,1,smooth,0,0.0,-0.6601296328936714
1068,1,smooth,0,0.0,-0.6418104480587254
1069,1,smooth,0,0.0,-0.6234912632237795
1070,1,smooth,0,0.0,-0.6051720783888335
1071,1,smooth,0,0.0,-0.5868528935538875
1072,1,smooth,0,0.0,-0.5685337087189415
1073,1,smooth,0,0.0,-0.5502145238839955
1074,1,smooth,0,0.0,-0.5318953390490495
1075,1,smooth,0,0.0,-0.5135761542141036
1076,1,smooth,0,0.0,-0.4952569693791575
1077,1,smooth,0,0.0,-0.4769377845442116
1078,1,smooth,0,0.0,-0.4586185997092656
1079,1,smooth,0,0.0,-0.4402994148743196
1080,1,smooth,0,0.0,-0.42198023003937357
1081,1,smooth,0,0.0,-0.4036610452044276
1082,1,smooth,0,0.0,-0.3853418603694816
1083,1,smooth,0,0.0,-0.3670226755345356
1084,1,smooth,0,0.0,-0.34870349069958967
1085,1,smooth,0,0.0,-0.3303843058646436
1086,1,smooth,0,0.0,-0.31206512102969763
1087,1,smooth,0,0.0,-0.2937459361947516
1088,1,smooth,0,0.0,-0.27542675135980565
1089,1,smooth,0,0.0,-0.2571075665248597
1090,1,smooth,0,0.0,-0.23878838168991365
1091,1,smooth,0,0.0,-0.2204691968549677
1092,1,smooth,0,0.0,-0.2021500120200217
1093,1,smooth,0,0.0,-0.18383082718507568
1094,1,smooth,0,0.0,-0.16551164235012972
1095,1,smooth,0,0.0,-0.1471924575151837
1096,1,smooth,0,0.0,-0.12887327268023796
1097,1,smooth,0,0.0,-0.11055408784529196
1098,1,smooth,0,0.0,-0.09223490301034598
1099,1,smooth,0,0.0,-0.07391571817539999
1100,1,smooth,0,0.0,-0.055596533340454
1101,1,smooth,0,0.0,-0.037277348505508005
1102,1,smooth,0,0.0,-0.018958163670562023
1103,1,smooth,0,0.0,-0.000638978835616033
1104,1,smooth,0,0.0,0.017680205999329957
1105,1,smooth,0,0.0,0.035999390834275946
1106,1,smooth,0,0.0,0.054318575669221936
1107,1,smooth,0,0.0,0.07263776050416793
1108,1,smooth,0,0.0,0.09095694533911393
1109,1,smooth,0,0.0,0.1092761301740599
1110,1,smooth,0,0.0,0.12759531500900587
1111,1,smooth,0,0.0,0.14591449984395188
1112,1,smooth,0,0.0,0.1642336846788979
1113,1,smooth,0,0.0,0.18255286951384386
1114,1,smooth,0,0.0,0.20087205434878982
1115,1,smooth,0,0.0,0.21919123918373584
1116,1,smooth,0,0.0,0.23751042401868186
1117,1,smooth,0,0.0,0.2558296088536279
1118,1,smooth,0,0.0,0.2741487936885738
1119,1,smooth,0,0.0,0.2924679785235198
1120,1,smooth,0,0.0,0.3107871633584658
1121,1,smooth,0,0.0,0.3291063481934118
1122,1,smooth,0,0.0,0.34742553302835777
1123,1,smooth,0,0.0,0.36574471786330376
1124,1,smooth,0,0.0,0.38406390269824975
1125,1,smooth,0,0.0,0.4023830875331956
1126,1,smooth,0,0.0,0.4207022723681417
1127,1,smooth,0,0.0,0.4390214572030877
1128,1,smooth,0,0.0,0.4573406420380337
1129,1,smooth,0,0.0,0.4756598268729796
1130,1,smooth,0,0.0,0.4939790117079257
1131,1,smooth,0,0.0,0.5122981965428717
1132,1,smooth,0,0.0,0.5306173813778177
1133,1,smooth,0,0.0,0.5489365662127637
1134,1,smooth,0,0.0,0.5672557510477096
1135,1,smooth,0,0.0,0.5855749358826556
1136,1,smooth,0,0.0,0.6038941207176015
1137,1,smooth,0,0.0,0.6222133055525476
1138,1,smooth,0,0.0,0.6405324903874936
1139,1,smooth,0,0.0,0.6588516752224396
1140,1,smooth,0,0.0,0.6771708600573856
1141,1,smooth,0,0.0,0.6954900448923316
1142,1,smooth,0,0.0,0.7138092297272776
1143,1,smooth,0,0.0,0.7321284145622236
1144,1,smooth,0,0.0,0.7504475993971694
1145,1,smooth,0,0.0,0.7687667842321155
1146,1,smooth,0,0.0,0.7870859690670615
1147,1,smooth,0,0.0,0.8054051539020076
1148,1,smooth,0,0.0,0.8237243387369536
1149,1,smooth,0,0.0,0.8420435235718995
1150,1,smooth,0,0.0,0.8603627084068454
1151,1,smooth,0,0.0,0.8786818932417914
1152,1,smooth,0,0.0,0.8970010780767373
1153,1,smooth,0,0.0,0.9153202629116834
1154,1,smooth,0,0.0,0.9336394477466294
1155,1,smooth,0,0.0,0.9519586325815754
1156,1,smooth,0,0.0,0.9702778174165214
1157,1,smooth,0,0.0,0.9885970022514674
1158,1,smooth,0,0.0,1.0069161870864134
1159,1,smooth,0,0.0,1.0252353719213594
1160,1,smooth,0,0.0,1.0435545567563052
1161,1,smooth,0,0.0,1.0618737415912511
1162,1,smooth,0,0.0,1.0801929264261971
1163,1,smooth,0,0.0,1.0985121112611431
1164,1,smooth,0,0.0,1.1168312960960893
1165,1,smooth,0,0.0,1.135150480931035
1166,1,smooth,0,0.0,1.153469665765981
1167,1,smooth,0,0.0,1.1717888506009273
1168,1,smooth,0,0.0,1.1901080354358735
1169,1,smooth,0,0.0,1.2084272202708195
1170,1,smooth,0,0.0,1.2267464051057653
1171,1,smooth,0,0.0,1.2450655899407113
1172,1,smooth,0,0.0,1.2633847747756572
1173,1,smooth,0,0.0,1.2817039596106032
1174,1,smooth,0,0.0,1.300023144445549
1175,1,smooth,0,0.0,1.3183423292804952
1176,1,smooth,0,0.0,1.3366615141154412
1177,1,smooth,0,0.0,1.3549806989503874
1178,1,smooth,0,0.0,1.3732998837853332
1179,1,smooth,0,0.0,1.3916190686202792
1180,1,smooth,0,0.0,1.4099382534552254
1181,1,smooth,0,0.0,1.4282574382901712
1182,1,smooth,0,0.0,1.4465766231251171
1183,1,smooth,0,0.0,1.4648958079600634
1184,1,smooth,0,0.0,1.4832149927950091
1185,1,smooth,0,0.0,1.501534177629955
1186,1,smooth,0,0.0,1.519853362464901
1187,1,smooth,0,0.0,1.538172547299847
1188,1,smooth,0,0.0,1.556491732134793
1189,1,smooth,0,0.0,1.5748109169697388
1190,1,smooth,0,0.0,1.593130101804685
1191,1,smooth,0,0.0,1.6114492866396313
1192,1,smooth,0,0.0,1.6297684714745764
1193,1,smooth,0,0.0,1.6480876563095224
1194,1,smooth,0,0.0,1.6664068411444684
1195,1,smooth,0,0.0,1.6847260259794146
1196,1,smooth,0,0.0,1.7030452108143603
1197,1,smooth,0,0.0,1.721364395649306
1198,1,smooth,0,0.0,1.7396835804842523
1199,1,smooth,0,0.0,1.7580027653191983
1200,1,smooth,0,0.0,1.7763219501541443
1201,1,smooth,0,0.0,1.7946411349890905
1202,1,smooth,0,0.0,1.8129603198240365
1203,1,smooth,0,0.0,1.8312795046589825
1204,1,smooth,0,0.0,1.8495986894939285
1205,1,smooth,0,0.0,1.8679178743288745
1206,1,smooth,0,0.0,1.8862370591638205
1207,1,smooth,0,0.0,1.9045562439987664
1208,1,smooth,0,0.0,1.9228754288337124
1209,1,smooth,0,0.0,1.9411946136686589
1210,1,smooth,0,0.0,1.9595137985036044
1211,1,smooth,0,0.0,1.9778329833385504
1212,1,smooth,0,0.0,1.9961521681734964
1213,1,smooth,0,0.0,2.0144713530084424
1214,1,smooth,0,0.0,2.0327905378433884
1215,1,smooth,0,0.0,2.0511097226783344
1216,1,smooth,0,0.0,2.0694289075132803
1217,1,smooth,0,0.0,2.0877480923482263
1218,1,smooth,0,0.0,2.1060672771831728
1219,1,smooth,0,0.0,2.1243864620181188
1220,1,smooth,0,0.0,2.142705646853064
1221,1,smooth,0,0.0,2.1610248316880107
1222,1,smooth,0,0.0,2.1793440165229563
1223,1,smooth,0,0.0,2.1976632013579027
1224,1,smooth,0,0.0,2.215982386192848
1225,1,smooth,0,0.0,2.2343015710277943
1226,1,smooth,0,0.0,2.25262075586274
1227,1,smooth,0,0.0,2.2709399406976862
1228,1,smooth,0,0.0,2.289259125532632
1229,1,smooth,0,0.0,2.307578310367578
1230,1,smooth,0,0.0,2.325897495202524
1231,1,smooth,0,0.0,2.34421668003747
1232,1,smooth,0,0.0,2.362535864872416
1233,1,smooth,0,0.0,2.3808550497073626
1234,1,smooth,0,0.0,2.399174234542308
1235,1,smooth,0,0.0,2.4174934193772546
1236,1,smooth,0,0.0,2.4358126042122
1237,1,smooth,0,0.0,2.4541317890471466
1238,1,smooth,0,0.0,2.472450973882092
1239,1,smooth,0,0.0,2.4907701587170386
1240,1,smooth,0,0.0,2.509089343551984
1241,1,smooth,0,0.0,2.527408528386931
1242,1,smooth,0,0.0,2.5457277132218756
1243,1,smooth,0,0.0,2.5640468980568225
1244,1,smooth,0,0.0,2.582366082891768
1245,1,smooth,0,0.0,2.6006852677267145
1246,1,smooth,0,0.0,2.61900445256166
1247,1,smooth,0,0.0,2.6373236373966065
1248,1,smooth,0,0.0,2.655642822231552
1249,1,smooth,0,0.0,2.6739620070664984
1250,1,compact,0,0.0,-1.3469688822140573
1251,1,compact,0,0.0,-1.328588382095304
1252,1,compact,0,0.0,-1.3102078819765512
1253,1,compact,0,0.0,-1.291827381857798
1254,1,compact,0,0.0,-1.2734468817390447
1255,1,compact,0,0.0,-1.255066381620292
1256,1,compact,0,0.0,-1.236685881501539
1257,1,compact,0,0.0,-1.2183053813827855
1258,1,compact,0,0.0,-1.1999248812640328
1259,1,compact,0,0.0,-1.1815443811452797
1260,1,compact,0,0.0,-1.163163881026527
1261,1,compact,0,0.0,-1.1447833809077737
1262,1,compact,0,0.0,-1.1264028807890205
1263,1,compact,0,0.0,-1.1080223806702671
1264,1,compact,0,0.0,-1.0896418805515145
1265,1,compact,0,0.0,-1.0712613804327613
1266,1,compact,0,0.0,-1.0528808803140084
1267,1,compact,0,0.0,-1.0345003801952553
1268,1,compact,0,0.0,-1.016119880076502
1269,1,compact,0,0.0,-0.9977393799577492
1270,1,compact,0,0.0,-0.979358879838996
1271,1,compact,0,0.0,-0.960978379720243
1272,1,compact,0,0.0,-0.94259787960149
1273,1,compact,0,0.0,-0.9242173794827367
1274,1,compact,0,0.0,-0.9058368793639836
1275,1,compact,0,0.0,-0.8874563792452307
1276,1,compact,0,0.0,-0.8690758791264775
1277,1,compact,0,0.0,-0.8506953790077245
1278,1,compact,0,0.0,-0.8323148788889715
1279,1,compact,0,0.0,-0.8139343787702183
1280,1,compact,0,0.0,-0.7955538786514655
1281,1,compact,0,0.0,-0.7771733785327123
1282,1,compact,0,0.0,-0.7587928784139591
1283,1,compact,0,0.0,-0.7404123782952063
1284,1,compact,0,0.0,-0.7220318781764531
1285,1,compact,0,0.0,-0.7036513780577001
1286,1,compact,0,0.0,-0.6852708779389471
1287,1,compact,0,0.0,-0.6668903778201938
1288,1,compact,0,0.0,-0.6485098777014409
1289,1,compact,0,0.0,-0.6301293775826879
1290,1,compact,0,0.0,-0.6117488774639348
1291,1,compact,0,0.0,-0.5933683773451817
1292,1,compact,0,0.0,-0.5749878772264286
1293,1,compact,0,0.0,-0.5566073771076755
1294,1,compact,0,0.0,-0.5382268769889225
1295,1,compact,0,0.0,-0.5198463768701695
1296,1,compact,0,0.1,-0.5014658767514164
1297,1,compact,0,0.0,-0.4830853766326632
1298,1,compact,0,0.0,-0.4647048765139103
1299,1,compact,0,0.0,-0.4463243763951572
1300,1,compact,0,0.0,-0.4279438762764041
1301,1,compact,0,0.0,-0.40956337615765104
1302,1,compact,0,0.0,-0.391182876038898
1303,1,compact,0,0.0,-0.3728023759201449
1304,1,compact,0,0.0,-0.35442187580139184
1305,1,compact,0,0.0,-0.3360413756826388
1306,1,compact,0,0.0,-0.3176608755638857
1307,1,compact,0,0.0,-0.29928037544513275
1308,1,compact,0,0.0,-0.2808998753263796
1309,1,compact,0,0.0,-0.2625193752076265
1310,1,compact,0,0.0,-0.24413887508887355
1311,1,compact,0,0.0,-0.2257583749701204
1312,1,compact,0,0.0,-0.2073778748513673
1313,1,compact,0,0.0,-0.18899737473261438
1314,1,compact,0,0.0,-0.17061687461386119
1315,1,compact,0,0.0,-0.1522363744951081
1316,1,compact,0,0.0,-0.13385587437635518
1317,1,compact,0,0.0,-0.115475374257602
1318,1,compact,0,0.0,-0.09709487413884889
1319,1,compact,0,0.0,-0.07871437402009596
1320,1,compact,0,0.0,-0.06033387390134282
1321,1,compact,0,0.0,-0.04195337378258969
1322,1,compact,0,0.0,-0.023572873663836764
1323,1,compact,0,0.0,-0.0051923735450836155
1324,1,compact,0,0.0,0.013188126573669525
1325,1,compact,0,0.0,0.03156862669242244
1326,1,compact,0,0.0,0.04994912681117559
1327,1,compact,0,0.0,0.06832962692992871
1328,1,compact,0,0.0,0.08671012704868163
1329,1,compact,0,0.0,0.1050906271674348
1330,1,compact,0,0.0,0.12347112728618767
1331,1,compact,0,0.0,0.14185162740494084
1332,1,compact,0,0.0,0.16023212752369395
1333,1,compact,0,0.0,0.17861262764244687
1334,1,compact,0,0.0,0.19699312776120004
1335,1,compact,0,0.0,0.21537362787995323
1336,1,compact,0,0.0,0.2337541279987061
1337,1,compact,0,0.0,0.25213462811745924
1338,1,compact,0,0.0,0.2705151282362124
1339,1,compact,0,0.0,0.28889562835496524
1340,1,compact,0,0.0,0.30727612847371844
1341,1,compact,0,0.0,0.3256566285924716
1342,1,compact,0,0.0,0.34403712871122444
1343,1,compact,0,0.0,0.3624176288299776
1344,1,compact,0,0.0,0.3807981289487308
1345,1,compact,0,0.0,0.39917862906748364
1346,1,compact,0,0.0,0.4175591291862368
1347,1,compact,0,0.0,0.43593962930499
1348,1,compact,0,0.0,0.4543201294237428
1349,1,compact,0,0.0,0.4727006295424961
1350,1,compact,0,0.0,0.4910811296612492
1351,1,compact,0,0.0,0.509461629780002
1352,1,compact,0,0.0,0.5278421298987552
1353,1,compact,0,0.0,0.5462226300175085
1354,1,compact,0,0.0,0.5646031301362612
1355,1,compact,0,0.0,0.5829836302550144
1356,1,compact,0,0.0,0.6013641303737676
1357,1,compact,0,0.0,0.6197446304925204
1358,1,compact,0,0.0,0.6381251306112736
1359,1,compact,0,0.0,0.6565056307300265
1360,1,compact,0,0.0,0.6748861308487796
1361,1,compact,0,0.0,0.6932666309675328
1362,1,compact,0,0.0,0.711647131086286
1363,1,compact,0,0.0,0.7300276312050391
1364,1,compact,0,0.0,0.7484081313237919
1365,1,compact,0,0.0,0.7667886314425449
1366,1,compact,0,0.0,0.7851691315612979
1367,1,compact,0,0.0,0.8035496316800512
1368,1,compact,0,0.0,0.8219301317988044
1369,1,compact,0,0.0,0.8403106319175575
1370,1,compact,0,0.0,0.8586911320363103
1371,1,compact,0,0.0,0.8770716321550633
1372,1,compact,0,0.0,0.8954521322738163
1373,1,compact,0,0.0,0.9138326323925696
1374,1,compact,0,0.0,0.9322131325113228
1375,1,compact,0,0.0,0.950593632630076
1376,1,compact,0,0.0,0.9689741327488286
1377,1,compact,0,0.0,0.9873546328675816
1378,1,compact,0,0.0,1.0057351329863349
1379,1,compact,0,0.0,1.024115633105088
1380,1,compact,0,0.0,1.0424961332238412
1381,1,compact,0,0.0,1.0608766333425939
1382,1,compact,0,0.0,1.079257133461347
1383,1,compact,0,0.0,1.0976376335801
1384,1,compact,0,0.0,1.1160181336988533
1385,1,compact,0,0.0,1.1343986338176064
1386,1,compact,0,0.0,1.1527791339363596
1387,1,compact,0,0.0,1.1711596340551123
1388,1,compact,0,0.0,1.1895401341738654
1389,1,compact,0,0.0,1.2079206342926183
1390,1,compact,0,0.0,1.2263011344113717
1391,1,compact,0,0.0,1.2446816345301248
1392,1,compact,0,0.0,1.263062134648878
1393,1,compact,0,0.0,1.2814426347676307
1394,1,compact,0,0.0,1.2998231348863838
1395,1,compact,0,0.0,1.3182036350051367
1396,1,compact,0,0.0,1.33658413512389
1397,1,compact,0,0.0,1.3549646352426432
1398,1,compact,0,0.0,1.3733451353613964
1399,1,compact,0,0.0,1.391725635480149
1400,1,compact,0,0.0,1.410106135598902
1401,1,compact,0,0.0,1.428486635717655
1402,1,compact,0,0.0,1.4468671358364085
1403,1,compact,0,0.0,1.4652476359551616
1404,1,compact,0,0.0,1.4836281360739147
1405,1,compact,0,0.0,1.5020086361926677
1406,1,compact,0,0.0,1.5203891363114204
1407,1,compact,0,0.0,1.5387696364301735
1408,1,compact,0,0.0,1.5571501365489269
1409,1,compact,0,0.0,1.57553063666768
1410,1,compact,0,0.0,1.5939111367864327
1411,1,compact,0,0.0,1.6122916369051858
1412,1,compact,0,0.0,1.6306721370239388
1413,1,compact,0,0.0,1.649052637142692
1414,1,compact,0,0.0,1.6674331372614453
1415,1,compact,0,0.0,1.6858136373801984
1416,1,compact,0,0.0,1.704194137498951
1417,1,compact,0,0.0,1.7225746376177045
1418,1,compact,0,0.0,1.7409551377364572
1419,1,compact,0,0.0,1.7593356378552103
1420,1,compact,0,0.0,1.7777161379739637
1421,1,compact,0,0.0,1.7960966380927168
1422,1,compact,0,0.0,1.8144771382114693
1423,1,compact,0,0.0,1.8328576383302224
1424,1,compact,0,0.0,1.851238138448976
1425,1,compact,0,0.0,1.8696186385677287
1426,1,compact,0,0.0,1.887999138686482
1427,1,compact,0,0.0,1.9063796388052352
1428,1,compact,0,0.0,1.924760138923988
1429,1,compact,0,0.0,1.9431406390427408
1430,1,compact,0,0.0,1.961521139161494
1431,1,compact,0,0.0,1.979901639280248
1432,1,compact,0,0.0,1.9982821393990005
1433,1,compact,0,0.0,2.016662639517753
1434,1,compact,0,0.0,2.035043139636506
1435,1,compact,0,0.0,2.053423639755259
1436,1,compact,0,0.0,2.0718041398740126
1437,1,compact,0,0.0,2.0901846399927657
1438,1,compact,0,0.0,2.108565140111519
1439,1,compact,0,0.0,2.126945640230272
1440,1,compact,0,0.0,2.1453261403490247
1441,1,compact,0,0.0,2.1637066404677774
1442,1,compact,0,0.0,2.182087140586531
1443,1,compact,0,0.0,2.200467640705284
1444,1,compact,0,0.0,2.218848140824037
1445,1,compact,0,0.0,2.2372286409427895
1446,1,compact,0,0.0,2.2556091410615426
1447,1,compact,0,0.0,2.273989641180296
1448,1,compact,0,0.0,2.2923701412990494
1449,1,compact,0,0.0,2.3107506414178025
1450,1,compact,0,0.0,2.329131141536556
1451,1,compact,0,0.0,2.3475116416553083
1452,1,compact,0,0.0,2.365892141774061
1453,1,compact,0,0.0,2.384272641892814
1454,1,compact,0,0.0,2.402653142011568
1455,1,compact,0,0.0,2.4210336421303205
1456,1,compact,0,0.0,2.4394141422490736
1457,1,compact,0,0.0,2.4577946423678267
1458,1,compact,0,0.0,2.4761751424865794
1459,1,compact,0,0.0,2.4945556426053326
1460,1,compact,0,0.0,2.5129361427240866
1461,1,compact,0,0.0,2.5313166428428397
1462,1,compact,0,0.0,2.5496971429615924
1463,1,compact,0,0.0,2.568077643080345
1464,1,compact,0,0.0,2.5864581431990983
1465,1,compact,0,0.0,2.6048386433178514
1466,1,compact,0,0.0,2.6232191434366046
1467,1,compact,0,0.0,2.6415996435553577
1468,1,compact,0,0.0,2.6599801436741104
1469,1,compact,0,0.0,2.6783606437928635
1470,1,compact,0,0.0,2.6967411439116162
1471,1,compact,0,0.0,2.71512164403037
1472,1,compact,0,0.0,2.7335021441491234
1473,1,compact,0,0.0,2.751882644267876
1474,1,compact,0,0.0,2.770263144386629
1475,1,compact,0,0.0,2.7886436445053824
1476,1,compact,0,0.0,2.8070241446241355
1477,1,compact,0,0.0,2.825404644742888
1478,1,compact,0,0.0,2.843785144861641
1479,1,compact,0,0.0,2.862165644980394
1480,1,compact,0,0.0,2.880546145099147
1481,1,compact,0,0.0,2.8989266452179
1482,1,compact,0,0.0,2.917307145336653
1483,1,compact,0,0.0,2.935687645455406
1484,1,compact,0,0.0,2.95406814557416
1485,1,compact,0,0.0,2.972448645692913
1486,1,compact,0,0.0,2.990829145811666
1487,1,compact,0,0.0,3.009209645930419
1488,1,compact,0,0.0,3.0275901460491723
1489,1,compact,0,0.0,3.045970646167925
1490,1,compact,0,0.0,3.064351146286678
1491,1,compact,0,0.0,3.0827316464054313
1492,1,compact,0,0.0,3.1011121465241844
1493,1,compact,0,0.0,3.1194926466429367
1494,1,compact,0,0.0,3.13787314676169
1495,1,compact,0,0.0,3.1562536468804434
1496,1,compact,0,0.0,3.174634146999196
1497,1,compact,0,0.0,3.1930146471179497
1498,1,compact,0,0.0,3.211395147236703
1499,1,compact,0,0.0,3.2297756473554564
1500,1,concavity,0,0.0,-1.1011454176224866
1501,1,concavity,0,0.0,-1.0838515045913661
1502,1,concavity,0,0.0,-1.0665575915602457
1503,1,concavity,0,0.0,-1.0492636785291247
1504,1,concavity,0,0.0,-1.0319697654980045
1505,1,concavity,0,0.0,-1.0146758524668835
1506,1,concavity,0,0.0,-0.9973819394357634
1507,1,concavity,0,0.0,-0.9800880264046428
1508,1,concavity,0,0.0,-0.962794113373522
1509,1,concavity,0,0.0,-0.9455002003424015
1510,1,concavity,0,0.0,-0.9282062873112809
1511,1,concavity,0,0.0,-0.9109123742801603
1512,1,concavity,0,0.0,-0.89361846124904
1513,1,concavity,0,0.0,-0.8763245482179194
1514,1,concavity,0,0.0,-0.8590306351867988
1515,1,concavity,0,0.0,-0.8417367221556785
1516,1,concavity,0,0.0,-0.8244428091245578
1517,1,concavity,0,0.0,-0.8071488960934372
1518,1,concavity,0,0.0,-0.7898549830623167
1519,1,concavity,0,0.0,-0.772561070031196
1520,1,concavity,0,0.0,-0.7552671570000755
1521,1,concavity,0,0.0,-0.737973243968955
1522,1,concavity,0,0.0,-0.7206793309378344
1523,1,concavity,0,0.0,-0.7033854179067137
1524,1,concavity,0,0.0,-0.6860915048755932
1525,1,concavity,0,0.0,-0.6687975918444727
1526,1,concavity,0,0.0,-0.6515036788133521
1527,1,concavity,0,0.0,-0.6342097657822316
1528,1,concavity,0,0.0,-0.6169158527511112
1529,1,concavity,0,0.0,-0.5996219397199904
1530,1,concavity,0,0.0,-0.58232802668887
1531,1,concavity,0,0.0,-0.5650341136577495
1532,1,concavity,0,0.0,-0.5477402006266288
1533,1,concavity,0,0.0,-0.5304462875955082
1534,1,concavity,0,0.0,-0.5131523745643877
1535,1,concavity,0,0.0,-0.4958584615332671
1536,1,concavity,0,0.1,-0.4785645485021467
1537,1,concavity,0,0.1,-0.461270635471026
1538,1,concavity,0,0.1,-0.44397672243990555
1539,1,concavity,0,0.1,-0.42668280940878495
1540,1,concavity,0,0.1,-0.4093888963776644
1541,1,concavity,0,0.1,-0.39209498334654397
1542,1,concavity,0,0.1,-0.3748010703154233
1543,1,concavity,0,0.1,-0.3575071572843027
1544,1,concavity,0,0.1,-0.3402132442531822
1545,1,concavity,0,0.1,-0.32291933122206157
1546,1,concavity,0,0.1,-0.3056254181909412
1547,1,concavity,0,0.1,-0.28833150515982053
1548,1,concavity,0,0.1,-0.2710375921287
1549,1,concavity,0,0.1,-0.25374367909757944
1550,1,concavity,0,0.1,-0.2364497660664588
1551,1,concavity,0,0.1,-0.21915585303533838
1552,1,concavity,0,0.1,-0.20186194000421773
1553,1,concavity,0,0.1,-0.18456802697309727
1554,1,concavity,0,0.0,-0.16727411394197667
1555,1,concavity,0,0.0,-0.14998020091085607
1556,1,concavity,0,0.1,-0.13268628787973555
1557,1,concavity,0,0.1,-0.11539237484861495
1558,1,concavity,0,0.1,-0.09809846181749449
1559,1,concavity,0,0.1,-0.08080454878637378
1560,1,concavity,0,0.4,-0.06351063575525329
1561,1,concavity,0,0.4,-0.0462167227241328
1562,1,concavity,0,0.4,-0.028922809693012308
1563,1,concavity,0,0.4,-0.011628896661891597
1564,1,concavity,0,0.4,0.005665016369228894
1565,1,concavity,0,0.4,0.022958929400349378
1566,1,concavity,0,0.4,0.040252842431470086
1567,1,concavity,0,0.4,0.057546755462590575
1568,1,concavity,0,0.4,0.07484066849371107
1569,1,concavity,0,0.4,0.09213458152483155
1570,1,concavity,0,0.4,0.10942849455595229
1571,1,concavity,0,0.4,0.1267224075870728
1572,1,concavity,0,0.4,0.14401632061819325
1573,1,concavity,0,0.4,0.16131023364931396
1574,1,concavity,0,0.4,0.17860414668043442
1575,1,concavity,0,0.4,0.1958980597115549
1576,1,concavity,0,0.4,0.21319197274267565
1577,1,concavity,0,0.4,0.23048588577379614
1578,1,concavity,0,0.4,0.24777979880491666
1579,1,concavity,0,0.4,0.2650737118360371
1580,1,concavity,0,0.4,0.2823676248671578
1581,1,concavity,0,0.4,0.2996615378982784
1582,1,concavity,0,0.4,0.3169554509293988
1583,1,concavity,0,0.4,0.3342493639605196
1584,1,concavity,0,0.4,0.35154327699164
1585,1,concavity,0,0.4,0.36883719002276044
1586,1,concavity,0,0.4,0.3861311030538812
1587,1,concavity,0,0.4,0.40342501608500164
1588,1,concavity,0,0.4,0.4207189291161222
1589,1,concavity,0,0.4,0.4380128421472426
1590,1,concavity,0,0.4,0.4553067551783634
1591,1,concavity,0,0.4,0.4726006682094839
1592,1,concavity,0,0.4,0.4898945812406045
1593,1,concavity,0,0.4,0.5071884942717251
1594,1,concavity,0,0.4,0.5244824073028456
1595,1,concavity,0,0.4,0.541776320333966
1596,1,concavity,0,0.4,0.5590702333650867
1597,1,concavity,0,0.4,0.5763641463962073
1598,1,concavity,0,0.4,0.5936580594273277
1599,1,concavity,0,0.4,0.6109519724584481
1600,1,concavity,0,0.4,0.628245885489569
1601,1,concavity,0,0.4,0.6455397985206894
1602,1,concavity,0,0.4,0.6628337115518099
1603,1,concavity,0,0.4,0.6801276245829306
1604,1,concavity,0,0.4,0.6974215376140511
1605,1,concavity,0,0.4,0.7147154506451716
1606,1,concavity,0,0.4,0.7320093636762921
1607,1,concavity,0,0.4,0.7493032767074127
1608,1,concavity,0,0.4,0.7665971897385332
1609,1,concavity,0,0.4,0.7838911027696539
1610,1,concavity,0,0.4,0.8011850158007745
1611,1,concavity,0,0.4,0.818478928831895
1612,1,concavity,0,0.4,0.8357728418630154
1613,1,concavity,0,0.4,0.8530667548941363
1614,1,concavity,0,0.4,0.8703606679252567
1615,1,concavity,0,0.4,0.8876545809563771
1616,1,concavity,0,0.4,0.9049484939874975
1617,1,concavity,0,0.4,0.9222424070186178
1618,1,concavity,0,0.4,0.9395363200497394
1619,1,concavity,0,0.4,0.9568302330808593
1620,1,concavity,0,0.4,0.97412414611198
1621,1,concavity,0,0.4,0.9914180591431004
1622,1,concavity,0,0.4,1.008711972174221
1623,1,concavity,0,0.4,1.0260058852053415
1624,1,concavity,0,0.4,1.043299798236462
1625,1,concavity,0,0.4,1.0605937112675827
1626,1,concavity,0,0.4,1.0778876242987034
1627,1,concavity,0,0.4,1.095181537329824
1628,1,concavity,0,0.4,1.1124754503609444
1629,1,concavity,0,0.4,1.129769363392065
1630,1,concavity,0,0.4,1.1470632764231854
1631,1,concavity,0,0.4,1.1643571894543059
1632,1,concavity,0,0.4,1.181651102485427
1633,1,concavity,0,0.4,1.198945015516547
1634,1,concavity,0,0.4,1.2162389285476678
1635,1,concavity,0,0.4,1.233532841578788
1636,1,concavity,0,0.4,1.2508267546099088
1637,1,concavity,0,0.4,1.2681206676410293
1638,1,concavity,0,0.4,1.2854145806721495
1639,1,concavity,0,0.4,1.3027084937032707
1640,1,concavity,0,0.4,1.3200024067343912
1641,1,concavity,0,0.4,1.3372963197655117
1642,1,concavity,0,0.4,1.354590232796632
1643,1,concavity,0,0.4,1.3718841458277529
1644,1,concavity,0,0.4,1.3891780588588734
1645,1,concavity,0,0.4,1.406471971889994
1646,1,concavity,0,0.4,1.4237658849211143
1647,1,concavity,0,0.4,1.441059797952235
1648,1,concavity,0,0.4,1.4583537109833553
1649,1,concavity,0,0.4,1.4756476240144762
1650,1,concavity,0,0.4,1.4929415370455963
1651,1,concavity,0,0.4,1.510235450076717
1652,1,concavity,0,0.4,1.527529363107838
1653,1,concavity,0,0.4,1.5448232761389584
1654,1,concavity,0,0.4,1.5621171891700787
1655,1,concavity,0,0.4,1.5794111022011994
1656,1,concavity,0,0.4,1.59670501523232
1657,1,concavity,0,0.4,1.6139989282634404
1658,1,concavity,0,0.4,1.6312928412945609
1659,1,concavity,0,0.4,1.648586754325682
1660,1,concavity,0,0.4,1.6658806673568023
1661,1,concavity,0,0.4,1.683174580387923
1662,1,concavity,0,0.4,1.7004684934190435
1663,1,concavity,0,0.4,1.7177624064501633
1664,1,concavity,0,0.4,1.735056319481284
1665,1,concavity,0,0.4,1.7523502325124047
1666,1,concavity,0,0.4,1.769644145543526
1667,1,concavity,0,0.4,1.786938058574646
1668,1,concavity,0,0.4,1.8042319716057664
1669,1,concavity,0,0.4,1.8215258846368871
1670,1,concavity,0,0.4,1.838819797668008
1671,1,concavity,0,0.4,1.856113710699128
1672,1,concavity,0,0.4,1.8734076237302488
1673,1,concavity,0,0.4,1.890701536761369
1674,1,concavity,0,0.4,1.90799544979249
1675,1,concavity,0,0.4,1.9252893628236103
1676,1,concavity,0,0.4,1.9425832758547312
1677,1,concavity,0,0.4,1.9598771888858515
1678,1,concavity,0,0.4,1.977171101916972
1679,1,concavity,0,0.4,1.9944650149480927
1680,1,concavity,0,0.4,2.0117589279792134
1681,1,concavity,0,0.4,2.0290528410103335
1682,1,concavity,0,0.4,2.0463467540414544
1683,1,concavity,0,0.4,2.063640667072575
1684,1,concavity,0,0.4,2.080934580103696
1685,1,concavity,0,0.4,2.098228493134816
1686,1,concavity,0,0.4,2.115522406165937
1687,1,concavity,0,0.4,2.1328163191970564
1688,1,concavity,0,0.4,2.1501102322281778
1689,1,concavity,0,0.4,2.1674041452592983
1690,1,concavity,0,0.4,2.1846980582904187
1691,1,concavity,0,0.4,2.2019919713215392
1692,1,concavity,0,0.4,2.21928588435266
1693,1,concavity,0,0.4,2.2365797973837807
1694,1,concavity,0,0.4,2.2538737104149007
1695,1,concavity,0,0.4,2.2711676234460216
1696,1,concavity,0,0.4,2.288461536477142
1697,1,concavity,0,0.4,2.3057554495082626
1698,1,concavity,0,0.4,2.3230493625393827
1699,1,concavity,0,0.4,2.340343275570504
1700,1,concavity,0,0.4,2.3576371886016245
1701,1,concavity,0,0.4,2.374931101632745
1702,1,concavity,0,0.4,2.392225014663865
1703,1,concavity,0,0.4,2.4095189276949855
1704,1,concavity,0,0.4,2.426812840726106
1705,1,concavity,0,0.4,2.4441067537572274
1706,1,concavity,0,0.4,2.461400666788348
1707,1,concavity,0,0.4,2.4786945798194684
1708,1,concavity,0,0.4,2.495988492850589
1709,1,concavity,0,0.4,2.5132824058817094
1710,1,concavity,0,0.4,2.5305763189128294
1711,1,concavity,0,0.4,2.5478702319439503
1712,1,concavity,0,0.4,2.565164144975071
1713,1,concavity,0,0.4,2.582458058006192
1714,1,concavity,0,0.4,2.599751971037312
1715,1,concavity,0,0.4,2.6170458840684327
1716,1,concavity,0,0.4,2.634339797099553
1717,1,concavity,0,0.4,2.6516337101306737
1718,1,concavity,0,0.4,2.668927623161794
1719,1,concavity,0,0.4,2.6862215361929156
1720,1,concavity,0,0.4,2.703515449224036
1721,1,concavity,0,0.4,2.7208093622551557
1722,1,concavity,0,0.4,2.7381032752862766
1723,1,concavity,0,0.4,2.7553971883173967
1724,1,concavity,0,0.4,2.7726911013485167
1725,1,concavity,0,0.4,2.7899850143796385
1726,1,concavity,0,0.4,2.807278927410759
1727,1,concavity,0,0.4,2.8245728404418795
1728,1,concavity,0,0.4,2.841866753473
1729,1,concavity,0,0.4,2.8591606665041205
1730,1,concavity,0,0.4,2.8764545795352414
1731,1,concavity,0,0.4,2.893748492566361
1732,1,concavity,0,0.4,2.9110424055974815
1733,1,concavity,0,0.4,2.9283363186286024
1734,1,concavity,0,0.4,2.945630231659723
1735,1,concavity,0,0.4,2.9629241446908434
1736,1,concavity,0,0.4,2.9802180577219644
1737,1,concavity,0,0.4,2.997511970753085
1738,1,concavity,0,0.4,3.0148058837842053
1739,1,concavity,0,0.4,3.0320997968153267
1740,1,concavity,0,0.4,3.0493937098464463
1741,1,concavity,0,0.4,3.0666876228775677
1742,1,concavity,0,0.4,3.083981535908688
1743,1,concavity,0,0.4,3.1012754489398078
1744,1,concavity,0,0.4,3.1185693619709287
1745,1,concavity,0,0.4,3.1358632750020483
1746,1,concavity,0,0.4,3.15315718803317
1747,1,concavity,0,0.4,3.1704511010642897
1748,1,concavity,0,0.4,3.1877450140954107
1749,1,concavity,0,0.4,3.205038927126531
1750,1,conPts,0,0.0,-1.2641850385170834
1751,1,conPts,0,0.0,-1.247196958600015
1752,1,conPts,0,0.0,-1.2302088786829464
1753,1,conPts,0,0.0,-1.2132207987658779
1754,1,conPts,0,0.0,-1.196232718848809
1755,1,conPts,0,0.0,-1.1792446389317406
1756,1,conPts,0,0.0,-1.1622565590146725
1757,1,conPts,0,0.0,-1.145268479097604
1758,1,conPts,0,0.0,-1.1282803991805352
1759,1,conPts,0,0.0,-1.1112923192634667
1760,1,conPts,0,0.0,-1.0943042393463984
1761,1,conPts,0,0.0,-1.07731615942933
1762,1,conPts,0,0.0,-1.0603280795122612
1763,1,conPts,0,0.0,-1.0433399995951929
1764,1,conPts,0,0.0,-1.0263519196781246
1765,1,conPts,0,0.0,-1.0093638397610558
1766,1,conPts,0,0.0,-0.9923757598439872
1767,1,conPts,0,0.0,-0.9753876799269188
1768,1,conPts,0,0.0,-0.9583996000098504
1769,1,conPts,0,0.0,-0.9414115200927818
1770,1,conPts,0,0.0,-0.9244234401757132
1771,1,conPts,0,0.0,-0.9074353602586448
1772,1,conPts,0,0.0,-0.8904472803415763
1773,1,conPts,0,0.0,-0.8734592004245079
1774,1,conPts,0,0.0,-0.8564711205074395
1775,1,conPts,0,0.0,-0.8394830405903708
1776,1,conPts,0,0.0,-0.8224949606733023
1777,1,conPts,0,0.0,-0.8055068807562337
1778,1,conPts,0,0.0,-0.7885188008391651
1779,1,conPts,0,0.0,-0.7715307209220966
1780,1,conPts,0,0.0,-0.7545426410050284
1781,1,conPts,0,0.0,-0.7375545610879598
1782,1,conPts,0,0.0,-0.7205664811708913
1783,1,conPts,0,0.0,-0.7035784012538228
1784,1,conPts,0,0.0,-0.6865903213367542
1785,1,conPts,0,0.0,-0.6696022414196856
1786,1,conPts,0,0.0,-0.6526141615026173
1787,1,conPts,0,0.0,-0.6356260815855488
1788,1,conPts,0,0.0,-0.6186380016684803
1789,1,conPts,0,0.0,-0.6016499217514117
1790,1,conPts,0,0.0,-0.5846618418343432
1791,1,conPts,0,0.0,-0.5676737619172746
1792,1,conPts,0,0.0,-0.5506856820002063
1793,1,conPts,0,0.0,-0.5336976020831377
1794,1,conPts,0,0.0,-0.5167095221660692
1795,1,conPts,0,0.0,-0.4997214422490008
1796,1,conPts,0,0.0,-0.4827333623319322
1797,1,conPts,0,0.0,-0.4657452824148637
1798,1,conPts,0,0.0,-0.44875720249779527
1799,1,conPts,0,0.0,-0.4317691225807267
1800,1,conPts,0,0.1,-0.41478104266365823
1801,1,conPts,0,0.1,-0.3977929627465897
1802,1,conPts,0,0.1,-0.3808048828295212
1803,1,conPts,0,0.1,-0.3638168029124528
1804,1,conPts,0,0.1,-0.34682872299538414
1805,1,conPts,0,0.1,-0.3298406430783157
1806,1,conPts,0,0.1,-0.31285256316124727
1807,1,conPts,0,0.1,-0.2958644832441787
1808,1,conPts,0,0.1,-0.27887640332711017
1809,1,conPts,0,0.1,-0.26188832341004176
1810,1,conPts,0,0.1,-0.24490024349297326
1811,1,conPts,0,0.1,-0.2279121635759047
1812,1,conPts,0,0.1,-0.21092408365883614
1813,1,conPts,0,0.1,-0.19393600374176767
1814,1,conPts,0,0.1,-0.17694792382469912
1815,1,conPts,0,0.1,-0.15995984390763063
1816,1,conPts,0,0.1,-0.1429717639905621
1817,1,conPts,0,0.1,-0.12598368407349358
1818,1,conPts,0,0.1,-0.10899560415642505
1819,1,conPts,0,0.1,-0.09200752423935654
1820,1,conPts,0,0.1,-0.075019444322288
1821,1,conPts,0,0.1,-0.05803136440521973
1822,1,conPts,0,0.1,-0.0410432844881512
1823,1,conPts,0,0.1,-0.02405520457108268
1824,1,conPts,0,0.2,-0.007067124654014156
1825,1,conPts,0,0.2,0.009920955263054363
1826,1,conPts,0,0.2,0.026909035180122883
1827,1,conPts,0,0.2,0.043897115097191415
1828,1,conPts,0,0.4,0.06088519501425992
1829,1,conPts,0,0.4,0.07787327493132845
1830,1,conPts,0,0.4,0.09486135484839693
1831,1,conPts,0,0.4,0.11184943476546548
1832,1,conPts,0,0.4,0.128837514682534
1833,1,conPts,0,0.4,0.14582559459960254
1834,1,conPts,0,0.4,0.16281367451667084
1835,1,conPts,0,0.4,0.17980175443373936
1836,1,conPts,0,0.4,0.19678983435080788
1837,1,conPts,0,0.4,0.21377791426787643
1838,1,conPts,0,0.4,0.2307659941849449
1839,1,conPts,0,0.4,0.24775407410201344
1840,1,conPts,0,0.4,0.264742154019082
1841,1,conPts,0,0.4,0.28173023393615043
1842,1,conPts,0,0.4,0.298718313853219
1843,1,conPts,0,0.4,0.31570639377028753
1844,1,conPts,0,0.4,0.33269447368735605
1845,1,conPts,0,0.4,0.3496825536044246
1846,1,conPts,0,0.4,0.3666706335214929
1847,1,conPts,0,0.4,0.38365871343856134
1848,1,conPts,0,0.4,0.40064679335562997
1849,1,conPts,0,0.4,0.4176348732726983
1850,1,conPts,0,0.4,0.434622953189767
1851,1,conPts,0,0.4,0.4516110331068355
1852,1,conPts,0,0.4,0.4685991130239039
1853,1,conPts,0,0.4,0.4855871929409724
1854,1,conPts,0,0.4,0.502575272858041
1855,1,conPts,0,0.4,0.5195633527751096
1856,1,conPts,0,0.4,0.536551432692178
1857,1,conPts,0,0.4,0.5535395126092466
1858,1,conPts,0,0.4,0.5705275925263151
1859,1,conPts,0,0.4,0.5875156724433833
1860,1,conPts,0,0.4,0.604503752360452
1861,1,conPts,0,0.4,0.6214918322775205
1862,1,conPts,0,0.4,0.6384799121945889
1863,1,conPts,0,0.4,0.6554679921116575
1864,1,conPts,0,0.4,0.672456072028726
1865,1,conPts,0,0.4,0.6894441519457946
1866,1,conPts,0,0.4,0.7064322318628631
1867,1,conPts,0,0.4,0.7234203117799315
1868,1,conPts,0,0.4,0.7404083916969998
1869,1,conPts,0,0.4,0.7573964716140685
1870,1,conPts,0,0.4,0.774384551531137
1871,1,conPts,0,0.4,0.7913726314482054
1872,1,conPts,0,0.4,0.8083607113652739
1873,1,conPts,0,0.4,0.8253487912823425
1874,1,conPts,0,0.4,0.8423368711994111
1875,1,conPts,0,0.4,0.8593249511164796
1876,1,conPts,0,0.4,0.876313031033548
1877,1,conPts,0,0.4,0.8933011109506166
1878,1,conPts,0,0.4,0.9102891908676852
1879,1,conPts,0,0.4,0.9272772707847536
1880,1,conPts,0,0.4,0.9442653507018222
1881,1,conPts,0,0.4,0.9612534306188903
1882,1,conPts,0,0.4,0.9782415105359592
1883,1,conPts,0,0.4,0.9952295904530276
1884,1,conPts,0,0.4,1.0122176703700962
1885,1,conPts,0,0.4,1.0292057502871648
1886,1,conPts,0,0.4,1.0461938302042333
1887,1,conPts,0,0.4,1.0631819101213018
1888,1,conPts,0,0.4,1.0801699900383703
1889,1,conPts,0,0.4,1.0971580699554389
1890,1,conPts,0,0.4,1.1141461498725072
1891,1,conPts,0,0.4,1.1311342297895755
1892,1,conPts,0,0.4,1.148122309706644
1893,1,conPts,0,0.4,1.1651103896237125
1894,1,conPts,0,0.4,1.182098469540781
1895,1,conPts,0,0.4,1.1990865494578495
1896,1,conPts,0,0.4,1.2160746293749183
1897,1,conPts,0,0.4,1.2330627092919864
1898,1,conPts,0,0.4,1.250050789209055
1899,1,conPts,0,0.4,1.2670388691261236
1900,1,conPts,0,0.4,1.284026949043192
1901,1,conPts,0,0.4,1.3010150289602607
1902,1,conPts,0,0.4,1.3180031088773294
1903,1,conPts,0,0.4,1.3349911887943977
1904,1,conPts,0,0.4,1.3519792687114662
1905,1,conPts,0,0.4,1.3689673486285348
1906,1,conPts,0,0.4,1.385955428545603
1907,1,conPts,0,0.4,1.4029435084626718
1908,1,conPts,0,0.4,1.4199315883797403
1909,1,conPts,0,0.4,1.4369196682968088
1910,1,conPts,0,0.4,1.4539077482138771
1911,1,conPts,0,0.4,1.470895828130946
1912,1,conPts,0,0.4,1.4878839080480144
1913,1,conPts,0,0.4,1.5048719879650827
1914,1,conPts,0,0.4,1.5218600678821514
1915,1,conPts,0,0.4,1.5388481477992197
1916,1,conPts,0,0.4,1.5558362277162883
1917,1,conPts,0,0.4,1.5728243076333566
1918,1,conPts,0,0.4,1.589812387550425
1919,1,conPts,0,0.4,1.6068004674674938
1920,1,conPts,0,0.4,1.623788547384562
1921,1,conPts,0,0.4,1.6407766273016309
1922,1,conPts,0,0.4,1.6577647072186992
1923,1,conPts,0,0.4,1.6747527871357677
1924,1,conPts,0,0.4,1.691740867052836
1925,1,conPts,0,0.4,1.7087289469699045
1926,1,conPts,0,0.4,1.7257170268869733
1927,1,conPts,0,0.4,1.7427051068040418
1928,1,conPts,0,0.4,1.7596931867211105
1929,1,conPts,0,0.4,1.7766812666381788
1930,1,conPts,0,0.4,1.7936693465552473
1931,1,conPts,0,0.4,1.810657426472316
1932,1,conPts,0,0.4,1.827645506389384
1933,1,conPts,0,0.4,1.844633586306453
1934,1,conPts,0,0.4,1.8616216662235212
1935,1,conPts,0,0.4,1.8786097461405895
1936,1,conPts,0,0.4,1.8955978260576585
1937,1,conPts,0,0.4,1.9125859059747268
1938,1,conPts,0,0.4,1.9295739858917955
1939,1,conPts,0,0.4,1.946562065808864
1940,1,conPts,0,0.4,1.9635501457259323
1941,1,conPts,0,0.4,1.9805382256430009
1942,1,conPts,0,0.4,1.9975263055600687
1943,1,conPts,0,0.4,2.0145143854771375
1944,1,conPts,0,0.4,2.0315024653942064
1945,1,conPts,0,0.4,2.0484905453112745
1946,1,conPts,0,0.4,2.065478625228344
1947,1,conPts,0,0.4,2.0824667051454115
1948,1,conPts,0,0.4,2.0994547850624805
1949,1,conPts,0,0.4,2.1164428649795486
1950,1,conPts,0,0.4,2.133430944896617
1951,1,conPts,0,0.4,2.1504190248136856
1952,1,conPts,0,0.4,2.1674071047307546
1953,1,conPts,0,0.4,2.1843951846478222
1954,1,conPts,0,0.4,2.201383264564892
1955,1,conPts,0,0.4,2.21837134448196
1956,1,conPts,0,0.4,2.2353594243990287
1957,1,conPts,0,0.4,2.2523475043160963
1958,1,conPts,0,0.4,2.2693355842331653
1959,1,conPts,0,0.4,2.286323664150234
1960,1,conPts,0,0.4,2.3033117440673028
1961,1,conPts,0,0.4,2.320299823984371
1962,1,conPts,0,0.4,2.33728790390144
1963,1,conPts,0,0.4,2.3542759838185083
1964,1,conPts,0,0.4,2.3712640637355773
1965,1,conPts,0,0.4,2.388252143652645
1966,1,conPts,0,0.4,2.4052402235697135
1967,1,conPts,0,0.4,2.4222283034867815
1968,1,conPts,0,0.4,2.4392163834038496
1969,1,conPts,0,0.4,2.456204463320919
1970,1,conPts,0,0.4,2.473192543237987
1971,1,conPts,0,0.4,2.490180623155056
1972,1,conPts,0,0.4,2.507168703072124
1973,1,conPts,0,0.4,2.524156782989193
1974,1,conPts,0,0.4,2.5411448629062607
1975,1,conPts,0,0.4,2.5581329428233297
1976,1,conPts,0,0.4,2.5751210227403982
1977,1,conPts,0,0.4,2.592109102657467
1978,1,conPts,0,0.4,2.6090971825745353
1979,1,conPts,0,0.4,2.626085262491604
1980,1,conPts,0,0.4,2.6430733424086723
1981,1,conPts,0,0.4,2.6600614223257404
1982,1,conPts,0,0.4,2.6770495022428094
1983,1,conPts,0,0.4,2.694037582159878
1984,1,conPts,0,0.4,2.7110256620769464
1985,1,conPts,0,0.4,2.728013741994016
1986,1,conPts,0,0.4,2.7450018219110834
1987,1,conPts,0,0.4,2.7619899018281524
1988,1,conPts,0,0.4,2.778977981745221
1989,1,conPts,0,0.4,2.7959660616622894
1990,1,conPts,0,0.4,2.812954141579357
1991,1,conPts,0,0.4,2.8299422214964265
1992,1,conPts,0,0.4,2.8469303014134946
1993,1,conPts,0,0.4,2.8639183813305635
1994,1,conPts,0,0.4,2.880906461247632
1995,1,conPts,0,0.4,2.8978945411647
1996,1,conPts,0,0.4,2.9148826210817687
1997,1,conPts,0,0.4,2.9318707009988376
1998,1,conPts,0,0.4,2.9488587809159057
1999,1,conPts,0,0.4,2.965846860832974
2000,1,symmetry,0,0.0,-2.0155381367570735
2001,1,symmetry,0,0.0,-1.9956505382835177
2002,1,symmetry,0,0.0,-1.9757629398099616
2003,1,symmetry,0,0.0,-1.955875341336406
2004,1,symmetry,0,0.0,-1.9359877428628505
2005,1,symmetry,0,0.0,-1.9161001443892944
2006,1,symmetry,0,0.0,-1.896212545915738
2007,1,symmetry,0,0.0,-1.8763249474421824
2008,1,symmetry,0,0.0,-1.8564373489686268
2009,1,symmetry,0,0.0,-1.8365497504950707
2010,1,symmetry,0,0.0,-1.8166621520215152
2011,1,symmetry,0,0.0,-1.796774553547959
2012,1,symmetry,0,0.0,-1.7768869550744035
2013,1,symmetry,0,0.0,-1.7569993566008475
2014,1,symmetry,0,0.0,-1.7371117581272915
2015,1,symmetry,0,0.0,-1.7172241596537356
2016,1,symmetry,0,0.0,-1.69733656118018
2017,1,symmetry,0,0.0,-1.6774489627066242
2018,1,symmetry,0,0.0,-1.6575613642330687
2019,1,symmetry,0,0.0,-1.6376737657595126
2020,1,symmetry,0,0.0,-1.6177861672859568
2021,1,symmetry,0,0.0,-1.5978985688124006
2022,1,symmetry,0,0.0,-1.5780109703388452
2023,1,symmetry,0,0.0,-1.5581233718652892
2024,1,symmetry,0,0.0,-1.5382357733917338
2025,1,symmetry,0,0.0,-1.5183481749181775
2026,1,symmetry,0,0.0,-1.4984605764446215
2027,1,symmetry,0,0.0,-1.478572977971066
2028,1,symmetry,0,0.0,-1.45868537949751
2029,1,symmetry,0,0.0,-1.4387977810239543
2030,1,symmetry,0,0.0,-1.4189101825503982
2031,1,symmetry,0,0.0,-1.3990225840768424
2032,1,symmetry,0,0.0,-1.3791349856032866
2033,1,symmetry,0,0.0,-1.3592473871297308
2034,1,symmetry,0,0.0,-1.3393597886561748
2035,1,symmetry,0,0.0,-1.3194721901826192
2036,1,symmetry,0,0.0,-1.2995845917090632
2037,1,symmetry,0,0.0,-1.2796969932355073
2038,1,symmetry,0,0.0,-1.2598093947619518
2039,1,symmetry,0,0.0,-1.239921796288396
2040,1,symmetry,0,0.0,-1.22003419781484
2041,1,symmetry,0,0.0,-1.2001465993412843
2042,1,symmetry,0,0.0,-1.1802590008677285
2043,1,symmetry,0,0.0,-1.160371402394173
2044,1,symmetry,0,0.0,-1.1404838039206169
2045,1,symmetry,0,0.0,-1.1205962054470608
2046,1,symmetry,0,0.0,-1.100708606973505
2047,1,symmetry,0,0.0,-1.080821008499949
2048,1,symmetry,0,0.0,-1.0609334100263934
2049,1,symmetry,0,0.0,-1.0410458115528372
2050,1,symmetry,0,0.0,-1.0211582130792816
2051,1,symmetry,0,0.0,-1.0012706146057255
2052,1,symmetry,0,0.0,-0.98138301613217
2053,1,symmetry,0,0.0,-0.961495417658614
2054,1,symmetry,0,0.0,-0.9416078191850584
2055,1,symmetry,0,0.0,-0.9217202207115024
2056,1,symmetry,0,0.0,-0.9018326222379468
2057,1,symmetry,0,0.0,-0.8819450237643907
2058,1,symmetry,0,0.0,-0.8620574252908351
2059,1,symmetry,0,0.0,-0.8421698268172793
2060,1,symmetry,0,0.0,-0.8222822283437233
2061,1,symmetry,0,0.0,-0.8023946298701673
2062,1,symmetry,0,0.0,-0.7825070313966117
2063,1,symmetry,0,0.0,-0.7626194329230556
2064,1,symmetry,0,0.0,-0.7427318344494999
2065,1,symmetry,0,0.0,-0.7228442359759442
2066,1,symmetry,0,0.0,-0.7029566375023883
2067,1,symmetry,0,0.0,-0.6830690390288325
2068,1,symmetry,0,0.0,-0.6631814405552767
2069,1,symmetry,0,0.0,-0.6432938420817207
2070,1,symmetry,0,0.0,-0.6234062436081649
2071,1,symmetry,0,0.0,-0.603518645134609
2072,1,symmetry,0,0.0,-0.5836310466610533
2073,1,symmetry,0,0.0,-0.5637434481874976
2074,1,symmetry,0,0.0,-0.5438558497139416
2075,1,symmetry,0,0.0,-0.5239682512403857
2076,1,symmetry,0,0.0,-0.50408065276683
2077,1,symmetry,0,0.0,-0.4841930542932742
2078,1,symmetry,0,0.0,-0.4643054558197181
2079,1,symmetry,0,0.0,-0.44441785734616246
2080,1,symmetry,0,0.0,-0.4245302588726064
2081,1,symmetry,0,0.0,-0.4046426603990507
2082,1,symmetry,0,0.0,-0.3847550619254949
2083,1,symmetry,0,0.0,-0.36486746345193916
2084,1,symmetry,0,0.0,-0.3449798649783833
2085,1,symmetry,0,0.0,-0.3250922665048275
2086,1,symmetry,0,0.0,-0.3052046680312717
2087,1,symmetry,0,0.0,-0.28531706955771563
2088,1,symmetry,0,0.0,-0.2654294710841598
2089,1,symmetry,0,0.0,-0.24554187261060395
2090,1,symmetry,0,0.0,-0.22565427413704814
2091,1,symmetry,0,0.0,-0.20576667566349244
2092,1,symmetry,0,0.0,-0.18587907718993657
2093,1,symmetry,0,0.0,-0.16599147871638079
2094,1,symmetry,0,0.0,-0.14610388024282492
2095,1,symmetry,0,0.0,-0.12621628176926913
2096,1,symmetry,0,0.0,-0.10632868329571331
2097,1,symmetry,0,0.0,-0.08644108482215729
2098,1,symmetry,0,0.0,-0.06655348634860149
2099,1,symmetry,0,0.0,-0.046665887875045664
2100,1,symmetry,0,0.0,-0.02677828940148985
2101,1,symmetry,0,0.0,-0.006890690927933818
2102,1,symmetry,0,0.0,0.012996907545621992
2103,1,symmetry,0,0.0,0.032884506019177806
2104,1,symmetry,0,0.0,0.052772104492733625
2105,1,symmetry,0,0.0,0.07265970296628942
2106,1,symmetry,0,0.0,0.09254730143984526
2107,1,symmetry,0,0.0,0.11243489991340104
2108,1,symmetry,0,0.0,0.13232249838695684
2109,1,symmetry,0,0.0,0.15221009686051268
2110,1,symmetry,0,0.0,0.17209769533406846
2111,1,symmetry,0,0.0,0.19198529380762433
2112,1,symmetry,0,0.0,0.2118728922811801
2113,1,symmetry,0,0.0,0.23176049075473595
2114,1,symmetry,0,0.0,0.2516480892282917
2115,1,symmetry,0,0.0,0.27153568770184755
2116,1,symmetry,0,0.0,0.2914232861754034
2117,1,symmetry,0,0.0,0.31131088464895923
2118,1,symmetry,0,0.0,0.33119848312251493
2119,1,symmetry,0,0.0,0.35108608159607124
2120,1,symmetry,0,0.0,0.37097368006962717
2121,1,symmetry,0,0.0,0.39086127854318287
2122,1,symmetry,0,0.0,0.4107488770167386
2123,1,symmetry,0,0.0,0.43063647549029443
2124,1,symmetry,0,0.0,0.4505240739638503
2125,1,symmetry,0,0.0,0.4704116724374061
2126,1,symmetry,0,0.0,0.4902992709109619
2127,1,symmetry,0,0.0,0.5101868693845178
2128,1,symmetry,0,0.0,0.5300744678580736
2129,1,symmetry,0,0.0,0.5499620663316294
2130,1,symmetry,0,0.0,0.5698496648051852
2131,1,symmetry,0,0.0,0.589737263278741
2132,1,symmetry,0,0.0,0.6096248617522968
2133,1,symmetry,0,0.0,0.6295124602258527
2134,1,symmetry,0,0.0,0.6494000586994084
2135,1,symmetry,0,0.0,0.6692876571729641
2136,1,symmetry,0,0.0,0.68917525564652
2137,1,symmetry,0,0.0,0.7090628541200759
2138,1,symmetry,0,0.0,0.7289504525936321
2139,1,symmetry,0,0.0,0.7488380510671878
2140,1,symmetry,0,0.0,0.7687256495407437
2141,1,symmetry,0,0.0,0.7886132480142996
2142,1,symmetry,0,0.0,0.8085008464878554
2143,1,symmetry,0,0.0,0.8283884449614111
2144,1,symmetry,0,0.0,0.848276043434967
2145,1,symmetry,0,0.0,0.8681636419085229
2146,1,symmetry,0,0.0,0.8880512403820786
2147,1,symmetry,0,0.0,0.9079388388556344
2148,1,symmetry,0,0.0,0.9278264373291902
2149,1,symmetry,0,0.0,0.9477140358027458
2150,1,symmetry,0,0.0,0.9676016342763017
2151,1,symmetry,0,0.0,0.9874892327498576
2152,1,symmetry,0,0.0,1.0073768312234137
2153,1,symmetry,0,0.0,1.0272644296969693
2154,1,symmetry,0,0.0,1.047152028170525
2155,1,symmetry,0,0.0,1.0670396266440807
2156,1,symmetry,0,0.0,1.0869272251176372
2157,1,symmetry,0,0.0,1.106814823591193
2158,1,symmetry,0,0.0,1.126702422064749
2159,1,symmetry,0,0.0,1.1465900205383046
2160,1,symmetry,0,0.0,1.1664776190118604
2161,1,symmetry,0,0.0,1.1863652174854162
2162,1,symmetry,0,0.0,1.206252815958972
2163,1,symmetry,0,0.0,1.2261404144325279
2164,1,symmetry,0,0.0,1.2460280129060837
2165,1,symmetry,0,0.0,1.2659156113796393
2166,1,symmetry,0,0.0,1.2858032098531953
2167,1,symmetry,0,0.0,1.305690808326751
2168,1,symmetry,0,0.0,1.325578406800307
2169,1,symmetry,0,0.0,1.3454660052738625
2170,1,symmetry,0,0.0,1.3653536037474183
2171,1,symmetry,0,0.0,1.3852412022209744
2172,1,symmetry,0,0.0,1.40512880069453
2173,1,symmetry,0,0.0,1.425016399168086
2174,1,symmetry,0,0.0,1.4449039976416422
2175,1,symmetry,0,0.0,1.464791596115198
2176,1,symmetry,0,0.0,1.484679194588754
2177,1,symmetry,0,0.0,1.50456679306231
2178,1,symmetry,0,0.0,1.5244543915358655
2179,1,symmetry,0,0.0,1.544341990009421
2180,1,symmetry,0,0.0,1.564229588482977
2181,1,symmetry,0,0.0,1.5841171869565327
2182,1,symmetry,0,0.0,1.604004785430089
2183,1,symmetry,0,0.0,1.6238923839036443
2184,1,symmetry,0,0.0,1.6437799823772004
2185,1,symmetry,0,0.0,1.6636675808507557
2186,1,symmetry,0,0.0,1.683555179324312
2187,1,symmetry,0,0.0,1.7034427777978676
2188,1,symmetry,0,0.0,1.7233303762714238
2189,1,symmetry,0,0.0,1.7432179747449794
2190,1,symmetry,0,0.0,1.763105573218535
2191,1,symmetry,0,0.0,1.7829931716920908
2192,1,symmetry,0,0.0,1.8028807701656469
2193,1,symmetry,0,0.0,1.822768368639203
2194,1,symmetry,0,0.0,1.8426559671127587
2195,1,symmetry,0,0.0,1.8625435655863147
2196,1,symmetry,0,0.0,1.8824311640598703
2197,1,symmetry,0,0.0,1.9023187625334268
2198,1,symmetry,0,0.0,1.922206361006982
2199,1,symmetry,0,0.0,1.9420939594805375
2200,1,symmetry,0,0.0,1.9619815579540936
2201,1,symmetry,0,0.0,1.9818691564276496
2202,1,symmetry,0,0.0,2.0017567549012054
2203,1,symmetry,0,0.0,2.0216443533747617
2204,1,symmetry,0,0.0,2.041531951848317
2205,1,symmetry,0,0.0,2.061419550321873
2206,1,symmetry,0,0.0,2.0813071487954287
2207,1,symmetry,0,0.0,2.101194747268985
2208,1,symmetry,0,0.0,2.1210823457425407
2209,1,symmetry,0,0.0,2.1409699442160965
2210,1,symmetry,0,0.0,2.1608575426896524
2211,1,symmetry,0,0.0,2.180745141163208
2212,1,symmetry,0,0.0,2.200632739636764
2213,1,symmetry,0,0.0,2.22052033811032
2214,1,symmetry,0,0.0,2.240407936583876
2215,1,symmetry,0,0.0,2.2602955350574314
2216,1,symmetry,0,0.0,2.2801831335309872
2217,1,symmetry,0,0.0,2.3000707320045435
2218,1,symmetry,0,0.0,2.319958330478099
2219,1,symmetry,0,0.0,2.339845928951654
2220,1,symmetry,0,0.0,2.3597335274252105
2221,1,symmetry,0,0.0,2.3796211258987663
2222,1,symmetry,0,0.0,2.3995087243723217
2223,1,symmetry,0,0.0,2.4193963228458775
2224,1,symmetry,0,0.0,2.4392839213194337
2225,1,symmetry,0,0.0,2.459171519792989
2226,1,symmetry,0,0.0,2.4790591182665453
2227,1,symmetry,0,0.0,2.4989467167401007
2228,1,symmetry,0,0.0,2.5188343152136574
2229,1,symmetry,0,0.0,2.5387219136872132
2230,1,symmetry,0,0.0,2.5586095121607686
2231,1,symmetry,0,0.0,2.5784971106343244
2232,1,symmetry,0,0.0,2.59838470910788
2233,1,symmetry,0,0.0,2.618272307581436
2234,1,symmetry,0,0.0,2.638159906054992
2235,1,symmetry,0,0.0,2.658047504528548
2236,1,symmetry,0,0.0,2.677935103002104
2237,1,symmetry,0,0.0,2.6978227014756593
2238,1,symmetry,0,0.0,2.7177102999492155
2239,1,symmetry,0,0.0,2.737597898422772
2240,1,symmetry,0,0.0,2.757485496896328
2241,1,symmetry,0,0.0,2.7773730953698834
2242,1,symmetry,0,0.0,2.7972606938434397
2243,1,symmetry,0,0.0,2.817148292316995
2244,1,symmetry,0,0.0,2.8370358907905504
2245,1,symmetry,0,0.0,2.856923489264106
2246,1,symmetry,0,0.0,2.8768110877376625
2247,1,symmetry,0,0.0,2.8966986862112183
2248,1,symmetry,0,0.0,2.916586284684774
2249,1,symmetry,0,0.0,2.936473883158329
2250,1,fractal,0,0.0,-1.5122026417823022
2251,1,fractal,0,0.0,-1.4932524681470078
2252,1,fractal,0,0.0,-1.474302294511713
2253,1,fractal,0,0.0,-1.4553521208764186
2254,1,fractal,0,0.0,-1.436401947241124
2255,1,fractal,0,0.0,-1.4174517736058294
2256,1,fractal,0,0.0,-1.398501599970535
2257,1,fractal,0,0.0,-1.3795514263352402
2258,1,fractal,0,0.0,-1.3606012526999458
2259,1,fractal,0,0.0,-1.3416510790646512
2260,1,fractal,0,0.0,-1.3227009054293566
2261,1,fractal,0,0.0,-1.3037507317940624
2262,1,fractal,0,0.0,-1.2848005581587678
2263,1,fractal,0,0.0,-1.2658503845234728
2264,1,fractal,0,0.0,-1.2469002108881786
2265,1,fractal,0,0.0,-1.2279500372528842
2266,1,fractal,0,0.0,-1.2089998636175892
2267,1,fractal,0,0.0,-1.1900496899822948
2268,1,fractal,0,0.0,-1.171099516347
2269,1,fractal,0,0.0,-1.1521493427117055
2270,1,fractal,0,0.0,-1.1331991690764112
2271,1,fractal,0,0.0,-1.1142489954411163
2272,1,fractal,0,0.0,-1.095298821805822
2273,1,fractal,0,0.0,-1.0763486481705278
2274,1,fractal,0,0.0,-1.0573984745352327
2275,1,fractal,0,0.0,-1.0384483008999383
2276,1,fractal,0,0.0,-1.0194981272646435
2277,1,fractal,0,0.0,-1.0005479536293491
2278,1,fractal,0,0.0,-0.9815977799940546
2279,1,fractal,0,0.0,-0.9626476063587598
2280,1,fractal,0,0.0,-0.9436974327234656
2281,1,fractal,0,0.0,-0.9247472590881712
2282,1,fractal,0,0.0,-0.9057970854528766
2283,1,fractal,0,0.0,-0.886846911817582
2284,1,fractal,0,0.0,-0.8678967381822874
2285,1,fractal,0,0.0,-0.8489465645469929
2286,1,fractal,0,0.0,-0.8299963909116982
2287,1,fractal,0,0.0,-0.8110462172764037
2288,1,fractal,0,0.0,-0.7920960436411092
2289,1,fractal,0,0.0,-0.7731458700058148
2290,1,fractal,0,0.0,-0.7541956963705201
2291,1,fractal,0,0.0,-0.7352455227352255
2292,1,fractal,0,0.0,-0.716295349099931
2293,1,fractal,0,0.0,-0.6973451754646364
2294,1,fractal,0,0.0,-0.6783950018293418
2295,1,fractal,0,0.0,-0.6594448281940472
2296,1,fractal,0,0.0,-0.6404946545587528
2297,1,fractal,0,0.0,-0.6215444809234583
2298,1,fractal,0,0.0,-0.6025943072881637
2299,1,fractal,0,0.0,-0.583644133652869
2300,1,fractal,0,0.0,-0.5646939600175745
2301,1,fractal,0,0.0,-0.54574378638228
2302,1,fractal,0,0.0,-0.5267936127469856
2303,1,fractal,0,0.0,-0.5078434391116909
2304,1,fractal,0,0.0,-0.4888932654763964
2305,1,fractal,0,0.0,-0.4699430918411017
2306,1,fractal,0,0.0,-0.4509929182058072
2307,1,fractal,0,0.0,-0.43204274457051267
2308,1,fractal,0,0.0,-0.413092570935218
2309,1,fractal,0,0.0,-0.3941423972999236
2310,1,fractal,0,0.0,-0.375192223664629
2311,1,fractal,0,0.0,-0.3562420500293344
2312,1,fractal,0,0.0,-0.33729187639404
2313,1,fractal,0,0.0,-0.3183417027587454
2314,1,fractal,0,0.0,-0.2993915291234508
2315,1,fractal,0,0.0,-0.28044135548815613
2316,1,fractal,0,0.0,-0.2614911818528616
2317,1,fractal,0,0.0,-0.24254100821756716
2318,1,fractal,0,0.0,-0.22359083458227258
2319,1,fractal,0,0.0,-0.20464066094697797
2320,1,fractal,0,0.0,-0.18569048731168358
2321,1,fractal,0,0.0,-0.16674031367638895
2322,1,fractal,0,0.0,-0.14779014004109436
2323,1,fractal,0,0.0,-0.12883996640579976
2324,1,fractal,0,0.0,-0.10988979277050513
2325,1,fractal,0,0.0,-0.09093961913521074
2326,1,fractal,0,0.0,-0.07198944549991615
2327,1,fractal,0,0.0,-0.05303927186462154
2328,1,fractal,0,0.0,-0.03408909822932716
2329,1,fractal,0,0.0,-0.015138924594032543
2330,1,fractal,0,0.0,0.0038112490412620654
2331,1,fractal,0,0.0,0.022761422676556675
2332,1,fractal,0,0.0,0.04171159631185128
2333,1,fractal,0,0.0,0.06066176994714567
2334,1,fractal,0,0.0,0.0796119435824403
2335,1,fractal,0,0.0,0.09856211721773489
2336,1,fractal,0,0.0,0.11751229085302928
2337,1,fractal,0,0.0,0.1364624644883239
2338,1,fractal,0,0.0,0.1554126381236185
2339,1,fractal,0,0.0,0.1743628117589131
2340,1,fractal,0,0.0,0.1933129853942077
2341,1,fractal,0,0.0,0.21226315902950207
2342,1,fractal,0,0.0,0.23121333266479674
2343,1,fractal,0,0.0,0.2501635063000913
2344,1,fractal,0,0.0,0.26911367993538565
2345,1,fractal,0,0.0,0.2880638535706803
2346,1,fractal,0,0.0,0.3070140272059749
2347,1,fractal,0,0.0,0.32596420084126954
2348,1,fractal,0,0.0,0.3449143744765641
2349,1,fractal,0,0.0,0.3638645481118585
2350,1,fractal,0,0.0,0.38281472174715314
2351,1,fractal,0,0.0,0.40176489538244775
2352,1,fractal,0,0.0,0.4207150690177421
2353,1,fractal,0,0.0,0.4396652426530368
2354,1,fractal,0,0.0,0.4586154162883314
2355,1,fractal,0,0.0,0.477565589923626
2356,1,fractal,0,0.0,0.4965157635589206
2357,1,fractal,0,0.0,0.515465937194215
2358,1,fractal,0,0.0,0.5344161108295092
2359,1,fractal,0,0.0,0.5533662844648042
2360,1,fractal,0,0.0,0.5723164581000986
2361,1,fractal,0,0.0,0.5912666317353934
2362,1,fractal,0,0.0,0.6102168053706877
2363,1,fractal,0,0.0,0.6291669790059822
2364,1,fractal,0,0.0,0.6481171526412769
2365,1,fractal,0,0.0,0.6670673262765714
2366,1,fractal,0,0.0,0.6860174999118662
2367,1,fractal,0,0.0,0.7049676735471606
2368,1,fractal,0,0.0,0.723917847182455
2369,1,fractal,0,0.0,0.7428680208177498
2370,1,fractal,0,0.0,0.7618181944530442
2371,1,fractal,0,0.0,0.7807683680883386
2372,1,fractal,0,0.0,0.7997185417236334
2373,1,fractal,0,0.0,0.8186687153589279
2374,1,fractal,0,0.0,0.8376188889942222
2375,1,fractal,0,0.0,0.8565690626295169
2376,1,fractal,0,0.0,0.8755192362648114
2377,1,fractal,0,0.0,0.8944694099001061
2378,1,fractal,0,0.0,0.9134195835354008
2379,1,fractal,0,0.0,0.932369757170695
2380,1,fractal,0,0.0,0.9513199308059898
2381,1,fractal,0,0.0,0.9702701044412843
2382,1,fractal,0,0.0,0.9892202780765792
2383,1,fractal,0,0.0,1.0081704517118735
2384,1,fractal,0,0.0,1.0271206253471679
2385,1,fractal,0,0.0,1.0460707989824627
2386,1,fractal,0,0.0,1.065020972617757
2387,1,fractal,0,0.0,1.0839711462530515
2388,1,fractal,0,0.0,1.1029213198883463
2389,1,fractal,0,0.0,1.1218714935236407
2390,1,fractal,0,0.0,1.140821667158935
2391,1,fractal,0,0.0,1.15977184079423
2392,1,fractal,0,0.0,1.1787220144295243
2393,1,fractal,0,0.0,1.1976721880648191
2394,1,fractal,0,0.0,1.2166223617001135
2395,1,fractal,0,0.0,1.2355725353354081
2396,1,fractal,0,0.0,1.2545227089707027
2397,1,fractal,0,0.0,1.273472882605997
2398,1,fractal,0,0.0,1.292423056241292
2399,1,fractal,0,0.0,1.3113732298765863
2400,1,fractal,0,0.0,1.3303234035118807
2401,1,fractal,0,0.0,1.3492735771471756
2402,1,fractal,0,0.0,1.3682237507824702
2403,1,fractal,0,0.0,1.3871739244177643
2404,1,fractal,0,0.0,1.406124098053059
2405,1,fractal,0,0.0,1.4250742716883535
2406,1,fractal,0,0.0,1.444024445323648
2407,1,fractal,0,0.0,1.4629746189589428
2408,1,fractal,0,0.0,1.4819247925942372
2409,1,fractal,0,0.0,1.5008749662295322
2410,1,fractal,0,0.0,1.5198251398648264
2411,1,fractal,0,0.0,1.538775313500121
2412,1,fractal,0,0.0,1.5577254871354158
2413,1,fractal,0,0.0,1.57667566077071
2414,1,fractal,0,0.0,1.5956258344060048
2415,1,fractal,0,0.0,1.6145760080412992
2416,1,fractal,0,0.0,1.6335261816765936
2417,1,fractal,0,0.0,1.6524763553118884
2418,1,fractal,0,0.0,1.6714265289471826
2419,1,fractal,0,0.0,1.690376702582477
2420,1,fractal,0,0.0,1.709326876217772
2421,1,fractal,0,0.0,1.7282770498530662
2422,1,fractal,0,0.0,1.747227223488361
2423,1,fractal,0,0.0,1.7661773971236556
2424,1,fractal,0,0.0,1.7851275707589502
2425,1,fractal,0,0.0,1.8040777443942448
2426,1,fractal,0,0.0,1.8230279180295392
2427,1,fractal,0,0.0,1.8419780916648336
2428,1,fractal,0,0.0,1.8609282653001284
2429,1,fractal,0,0.0,1.8798784389354228
2430,1,fractal,0,0.0,1.8988286125707177
2431,1,fractal,0,0.0,1.917778786206012
2432,1,fractal,0,0.0,1.936728959841306
2433,1,fractal,0,0.0,1.9556791334766008
2434,1,fractal,0,0.0,1.974629307111896
2435,1,fractal,0,0.0,1.99357948074719
2436,1,fractal,0,0.0,2.012529654382485
2437,1,fractal,0,0.0,2.0314798280177793
2438,1,fractal,0,0.0,2.0504300016530737
2439,1,fractal,0,0.0,2.0693801752883685
2440,1,fractal,0,0.0,2.088330348923663
2441,1,fractal,0,0.0,2.1072805225589577
2442,1,fractal,0,0.0,2.1262306961942525
2443,1,fractal,0,0.0,2.1451808698295465
2444,1,fractal,0,0.0,2.1641310434648413
2445,1,fractal,0,0.0,2.183081217100136
2446,1,fractal,0,0.0,2.2020313907354305
2447,1,fractal,0,0.0,2.220981564370725
2448,1,fractal,0,0.0,2.2399317380060197
2449,1,fractal,0,0.0,2.2588819116413137
2450,1,fractal,0,0.0,2.2778320852766085
2451,1,fractal,0,0.0,2.296782258911903
2452,1,fractal,0,0.0,2.3157324325471977
2453,1,fractal,0,0.0,2.334682606182492
2454,1,fractal,0,0.0,2.3536327798177865
2455,1,fractal,0,0.0,2.3725829534530813
2456,1,fractal,0,0.0,2.391533127088376
2457,1,fractal,0,0.0,2.4104833007236706
2458,1,fractal,0,0.0,2.429433474358965
2459,1,fractal,0,0.0,2.44838364799426
2460,1,fractal,0,0.0,2.4673338216295537
2461,1,fractal,0,0.0,2.4862839952648486
2462,1,fractal,0,0.0,2.5052341689001434
2463,1,fractal,0,0.0,2.5241843425354373
2464,1,fractal,0,0.0,2.543134516170732
2465,1,fractal,0,0.0,2.562084689806027
2466,1,fractal,0,0.0,2.581034863441321
2467,1,fractal,0,0.0,2.599985037076616
2468,1,fractal,0,0.0,2.6189352107119106
2469,1,fractal,0,0.0,2.637885384347205
2470,1,fractal,0,0.0,2.6568355579824994
2471,1,fractal,0,0.0,2.675785731617794
2472,1,fractal,0,0.0,2.6947359052530886
2473,1,fractal,0,0.0,2.7136860788883825
2474,1,fractal,0,0.0,2.732636252523678
2475,1,fractal,0,0.0,2.7515864261589726
2476,1,fractal,0,0.0,2.770536599794266
2477,1,fractal,0,0.0,2.7894867734295614
2478,1,fractal,0,0.0,2.808436947064856
2479,1,fractal,0,0.0,2.82738712070015
2480,1,fractal,0,0.0,2.8463372943354446
2481,1,fractal,0,0.0,2.8652874679707394
2482,1,fractal,0,0.0,2.8842376416060342
2483,1,fractal,0,0.0,2.9031878152413286
2484,1,fractal,0,0.0,2.922137988876623
2485,1,fractal,0,0.0,2.941088162511918
2486,1,fractal,0,0.0,2.9600383361472122
2487,1,fractal,0,0.0,2.9789885097825075
2488,1,fractal,0,0.0,2.9979386834178015
2489,1,fractal,0,0.0,3.016888857053096
2490,1,fractal,0,0.0,3.03583903068839
2491,1,fractal,0,0.0,3.054789204323685
2492,1,fractal,0,0.0,3.0737393779589794
2493,1,fractal,0,0.0,3.0926895515942747
2494,1,fractal,0,0.0,3.111639725229568
2495,1,fractal,0,0.0,3.130589898864863
2496,1,fractal,0,0.0,3.1495400725001574
2497,1,fractal,0,0.0,3.1684902461354527
2498,1,fractal,0,0.0,3.187440419770746
2499,1,fractal,0,0.0,3.206390593406041
