observation,feature,newnn_class,probability,new_value
1,Pregnancy,1,0.9395495,-1.1246321950795346
1,Pregnancy,1,0.9389751,-1.108901712224233
1,Pregnancy,1,0.9382288,-1.0931712293689315
1,Pregnancy,1,0.9374741,-1.0774407465136302
1,Pregnancy,1,0.9367107,-1.0617102636583287
1,Pregnancy,1,0.9359386,-1.0459797808030271
1,Pregnancy,1,0.93515784,-1.0302492979477256
1,Pregnancy,1,0.9343682,-1.014518815092424
1,Pregnancy,1,0.93356955,-0.9987883322371226
1,Pregnancy,1,0.93276197,-0.9830578493818212
1,Pregnancy,1,0.93194526,-0.9673273665265196
1,Pregnancy,1,0.9311194,-0.951596883671218
1,Pregnancy,1,0.9302842,-0.9358664008159167
1,Pregnancy,1,0.9294396,-0.9201359179606152
1,Pregnancy,1,0.92858565,-0.9044054351053136
1,Pregnancy,1,0.9277221,-0.8886749522500123
1,Pregnancy,1,0.926849,-0.8729444693947108
1,Pregnancy,1,0.9260838,-0.857213986539409
1,Pregnancy,1,0.92585397,-0.8414835036841075
1,Pregnancy,1,0.92561835,-0.8257530208288061
1,Pregnancy,1,0.9253493,-0.8100225379735047
1,Pregnancy,1,0.9250552,-0.794292055118203
1,Pregnancy,1,0.9247602,-0.7785615722629015
1,Pregnancy,1,0.92446405,-0.7628310894076
1,Pregnancy,1,0.92416674,-0.7471006065522988
1,Pregnancy,1,0.92386854,-0.731370123696997
1,Pregnancy,1,0.9235692,-0.7156396408416956
1,Pregnancy,1,0.9232687,-0.6999091579863941
1,Pregnancy,1,0.9229672,-0.6841786751310925
1,Pregnancy,1,0.9226646,-0.6684481922757911
1,Pregnancy,1,0.92236084,-0.6527177094204896
1,Pregnancy,1,0.9220561,-0.6369872265651881
1,Pregnancy,1,0.9217502,-0.6212567437098866
1,Pregnancy,1,0.9214432,-0.605526260854585
1,Pregnancy,1,0.9211351,-0.5897957779992836
1,Pregnancy,1,0.9208259,-0.5740652951439821
1,Pregnancy,1,0.9208667,-0.5583348122886806
1,Pregnancy,1,0.9209177,-0.5426043294333791
1,Pregnancy,1,0.92096865,-0.5268738465780776
1,Pregnancy,1,0.9210195,-0.5111433637227761
1,Pregnancy,1,0.9210704,-0.4954128808674746
1,Pregnancy,1,0.92112124,-0.4796823980121731
1,Pregnancy,1,0.921172,-0.4639519151568716
1,Pregnancy,1,0.9212228,-0.4482214323015701
1,Pregnancy,1,0.9212736,-0.4324909494462685
1,Pregnancy,1,0.9213243,-0.4167604665909671
1,Pregnancy,1,0.921375,-0.4010299837356656
1,Pregnancy,1,0.9214257,-0.3852995008803641
1,Pregnancy,1,0.9214763,-0.36956901802506253
1,Pregnancy,1,0.9215269,-0.353838535169761
1,Pregnancy,1,0.92157745,-0.3381080523144596
1,Pregnancy,1,0.92162794,-0.3223775694591581
1,Pregnancy,1,0.9216785,-0.30664708660385664
1,Pregnancy,1,0.921729,-0.29091660374855516
1,Pregnancy,1,0.92177945,-0.27518612089325356
1,Pregnancy,1,0.92182994,-0.2594556380379521
1,Pregnancy,1,0.92188025,-0.24372515518265056
1,Pregnancy,1,0.9219306,-0.22799467232734905
1,Pregnancy,1,0.921981,-0.21226418947204762
1,Pregnancy,1,0.9220312,-0.19653370661674607
1,Pregnancy,1,0.92208153,-0.1808032237614445
1,Pregnancy,1,0.9221318,-0.1650727409061431
1,Pregnancy,1,0.92218196,-0.1493422580508416
1,Pregnancy,1,0.9222323,-0.13361177519554013
1,Pregnancy,1,0.92228234,-0.11788129234023854
1,Pregnancy,1,0.92233247,-0.10215080948493704
1,Pregnancy,1,0.92238253,-0.0864203266296355
1,Pregnancy,1,0.92243266,-0.07068984377433417
1,Pregnancy,1,0.92248267,-0.05495936091903264
1,Pregnancy,1,0.9225327,-0.0392288780637311
1,Pregnancy,1,0.9225827,-0.023498395208429564
1,Pregnancy,1,0.92263263,-0.007767912353128014
1,Pregnancy,1,0.9226825,0.007962570502173307
1,Pregnancy,1,0.9227325,0.023693053357474847
1,Pregnancy,1,0.9227823,0.039423536212776396
1,Pregnancy,1,0.92283213,0.055154019068077924
1,Pregnancy,1,0.9228819,0.07088450192337946
1,Pregnancy,1,0.9229317,0.08661498477868101
1,Pregnancy,1,0.92298144,0.10234546763398232
1,Pregnancy,1,0.9230312,0.11807595048928388
1,Pregnancy,1,0.92308086,0.13380643334458542
1,Pregnancy,1,0.9231305,0.149536916199887
1,Pregnancy,1,0.9231801,0.1652673990551885
1,Pregnancy,1,0.9232297,0.18099788191048985
1,Pregnancy,1,0.9232793,0.19672836476579136
1,Pregnancy,1,0.9233289,0.21245884762109288
1,Pregnancy,1,0.92337835,0.22818933047639445
1,Pregnancy,1,0.92342776,0.24391981333169604
1,Pregnancy,1,0.9234773,0.25965029618699753
1,Pregnancy,1,0.9235267,0.2753807790422988
1,Pregnancy,1,0.9235761,0.2911112618976004
1,Pregnancy,1,0.9236254,0.30684174475290193
1,Pregnancy,1,0.92367476,0.3225722276082035
1,Pregnancy,1,0.92372406,0.338302710463505
1,Pregnancy,1,0.9237733,0.35403319331880634
1,Pregnancy,1,0.9238225,0.3697636761741079
1,Pregnancy,1,0.9238718,0.3854941590294094
1,Pregnancy,1,0.92392105,0.401224641884711
1,Pregnancy,1,0.9239701,0.4169551247400125
1,Pregnancy,1,0.9240192,0.4326856075953138
1,Pregnancy,1,0.9240684,0.44841609045061537
1,Pregnancy,1,0.92411745,0.4641465733059168
1,Pregnancy,1,0.92416644,0.4798770561612184
1,Pregnancy,1,0.9242155,0.49560753901652
1,Pregnancy,1,0.9242645,0.5113380218718213
1,Pregnancy,1,0.92431337,0.5270685047271229
1,Pregnancy,1,0.92436236,0.5427989875824244
1,Pregnancy,1,0.9244113,0.558529470437726
1,Pregnancy,1,0.92446005,0.5742599532930275
1,Pregnancy,1,0.924509,0.589990436148329
1,Pregnancy,1,0.9245577,0.6057209190036303
1,Pregnancy,1,0.9246065,0.621451401858932
1,Pregnancy,1,0.9246553,0.6371818847142335
1,Pregnancy,1,0.924704,0.652912367569535
1,Pregnancy,1,0.92475265,0.6686428504248365
1,Pregnancy,1,0.9248014,0.6843733332801377
1,Pregnancy,1,0.92485005,0.7001038161354394
1,Pregnancy,1,0.92489856,0.7158342989907409
1,Pregnancy,1,0.9249472,0.7315647818460423
1,Pregnancy,1,0.92499566,0.747295264701344
1,Pregnancy,1,0.92504424,0.7630257475566454
1,Pregnancy,1,0.92509276,0.7787562304119469
1,Pregnancy,1,0.9251412,0.7944867132672484
1,Pregnancy,1,0.9251896,0.8102171961225499
1,Pregnancy,1,0.9252381,0.8259476789778515
1,Pregnancy,1,0.92528635,0.841678161833153
1,Pregnancy,1,0.9253347,0.8574086446884543
1,Pregnancy,1,0.925383,0.8731391275437558
1,Pregnancy,1,0.9254314,0.8888696103990574
1,Pregnancy,1,0.9254796,0.9046000932543588
1,Pregnancy,1,0.9255279,0.9203305761096604
1,Pregnancy,1,0.9255761,0.936061058964962
1,Pregnancy,1,0.9256242,0.9517915418202638
1,Pregnancy,1,0.9256724,0.9675220246755653
1,Pregnancy,1,0.9257205,0.9832525075308663
1,Pregnancy,1,0.9257685,0.9989829903861676
1,Pregnancy,1,0.92581666,1.014713473241469
1,Pregnancy,1,0.9258647,1.0304439560967709
1,Pregnancy,1,0.9259127,1.0461744389520724
1,Pregnancy,1,0.92596066,1.061904921807374
1,Pregnancy,1,0.9260086,1.0776354046626755
1,Pregnancy,1,0.92605644,1.093365887517977
1,Pregnancy,1,0.92610437,1.1090963703732784
1,Pregnancy,1,0.9261522,1.12482685322858
1,Pregnancy,1,0.9262001,1.1405573360838812
1,Pregnancy,1,0.92624784,1.1562878189391825
1,Pregnancy,1,0.9262956,1.1720183017944843
1,Pregnancy,1,0.9263434,1.1877487846497858
1,Pregnancy,1,0.9263911,1.2034792675050874
1,Pregnancy,1,0.9264388,1.2192097503603887
1,Pregnancy,1,0.9264864,1.2349402332156905
1,Pregnancy,1,0.9265341,1.2506707160709918
1,Pregnancy,1,0.9265817,1.2664011989262935
1,Pregnancy,1,0.92662925,1.282131681781595
1,Pregnancy,1,0.92667675,1.2978621646368969
1,Pregnancy,1,0.92672426,1.3135926474921975
1,Pregnancy,1,0.92677176,1.3293231303474993
1,Pregnancy,1,0.92681926,1.3450536132028008
1,Pregnancy,1,0.9268667,1.3607840960581021
1,Pregnancy,1,0.9269141,1.376514578913404
1,Pregnancy,1,0.9269614,1.3922450617687057
1,Pregnancy,1,0.92700887,1.4079755446240065
1,Pregnancy,1,0.9270561,1.4237060274793085
1,Pregnancy,1,0.92710346,1.43943651033461
1,Pregnancy,1,0.92715067,1.4551669931899116
1,Pregnancy,1,0.92719793,1.4708974760452131
1,Pregnancy,1,0.92724514,1.4866279589005145
1,Pregnancy,1,0.9272923,1.5023584417558156
1,Pregnancy,1,0.92733943,1.518088924611117
1,Pregnancy,1,0.92738664,1.533819407466419
1,Pregnancy,1,0.92743367,1.5495498903217204
1,Pregnancy,1,0.92748076,1.565280373177022
1,Pregnancy,1,0.92752784,1.5810108560323235
1,Pregnancy,1,0.9275748,1.596741338887625
1,Pregnancy,1,0.9276218,1.6124718217429264
1,Pregnancy,1,0.92778707,1.628202304598228
1,Pregnancy,1,0.9280177,1.6439327874535297
1,Pregnancy,1,0.9282477,1.6596632703088308
1,Pregnancy,1,0.92847705,1.6753937531641323
1,Pregnancy,1,0.92870563,1.691124236019434
1,Pregnancy,1,0.92893356,1.7068547188747354
1,Pregnancy,1,0.92916083,1.7225852017300367
1,Pregnancy,1,0.9293875,1.7383156845853385
1,Pregnancy,1,0.92961335,1.75404616744064
1,Pregnancy,1,0.92983866,1.7697766502959416
1,Pregnancy,1,0.93006325,1.7855071331512429
1,Pregnancy,1,0.9302872,1.8012376160065446
1,Pregnancy,1,0.9305105,1.8169680988618455
1,Pregnancy,1,0.9307331,1.8326985817171473
1,Pregnancy,1,0.93095505,1.8484290645724488
1,Pregnancy,1,0.9311763,1.8641595474277504
1,Pregnancy,1,0.9313971,1.879890030283052
1,Pregnancy,1,0.93161696,1.8956205131383532
1,Pregnancy,1,0.93183625,1.9113509959936548
1,Pregnancy,1,0.932055,1.9270814788489563
1,Pregnancy,1,0.932273,1.942811961704258
1,Pregnancy,1,0.9324904,1.95854244455956
1,Pregnancy,1,0.9327071,1.9742729274148607
1,Pregnancy,1,0.93292314,1.9900034102701625
1,Pregnancy,1,0.93313867,2.0057338931254636
1,Pregnancy,1,0.9333534,2.021464375980765
1,Pregnancy,1,0.9335676,2.037194858836066
1,Pregnancy,1,0.93378115,2.0529253416913686
1,Pregnancy,1,0.933994,2.0686558245466697
1,Pregnancy,1,0.93420625,2.0843863074019717
1,Pregnancy,1,0.93441784,2.100116790257273
1,Pregnancy,1,0.93462884,2.115847273112575
1,Pregnancy,1,0.9348391,2.131577755967876
1,Pregnancy,1,0.9350489,2.147308238823177
1,Pregnancy,1,0.9352579,2.163038721678479
1,Pregnancy,1,0.9354664,2.17876920453378
1,Pregnancy,1,0.93567425,2.194499687389082
1,Pregnancy,1,0.9358815,2.210230170244383
1,Pregnancy,1,0.936088,2.2259606530996847
1,Pregnancy,1,0.93629396,2.2416911359549863
1,Pregnancy,1,0.93649936,2.257421618810288
1,Pregnancy,1,0.93670416,2.2731521016655893
1,Pregnancy,1,0.93690825,2.2888825845208913
1,Pregnancy,1,0.93711174,2.3046130673761924
1,Pregnancy,1,0.9373146,2.320343550231493
1,Pregnancy,1,0.9375169,2.3360740330867955
1,Pregnancy,1,0.9377186,2.3518045159420966
1,Pregnancy,1,0.9379197,2.3675349987973986
1,Pregnancy,1,0.9381201,2.3832654816527
1,Pregnancy,1,0.93832,2.3989959645080017
1,Pregnancy,1,0.93851924,2.4147264473633028
1,Pregnancy,1,0.93871784,2.4304569302186043
1,Pregnancy,1,0.9389159,2.4461874130739054
1,Pregnancy,1,0.93911344,2.461917895929208
1,Pregnancy,1,0.93931025,2.477648378784509
1,Pregnancy,1,0.9395065,2.49337886163981
1,Pregnancy,1,0.9397021,2.509109344495112
1,Pregnancy,1,0.93989724,2.5248398273504127
1,Pregnancy,1,0.94009167,2.5405703102057156
1,Pregnancy,1,0.94028556,2.556300793061016
1,Pregnancy,1,0.94047886,2.572031275916318
1,Pregnancy,1,0.94067156,2.5877617587716193
1,Pregnancy,1,0.94086367,2.603492241626921
1,Pregnancy,1,0.94105524,2.6192227244822224
1,Pregnancy,1,0.9412463,2.6349532073375244
1,Pregnancy,1,0.94159305,2.650683690192825
1,Pregnancy,1,0.94195145,2.6664141730481266
1,Pregnancy,1,0.94230783,2.682144655903429
1,Pregnancy,1,0.9426621,2.6978751387587296
1,Pregnancy,1,0.9430144,2.713605621614032
1,Pregnancy,1,0.94336456,2.7293361044693327
1,Pregnancy,1,0.9437128,2.745066587324635
1,Pregnancy,1,0.9440589,2.7607970701799363
1,Pregnancy,1,0.9444031,2.776527553035238
1,Pregnancy,1,0.9447453,2.7922580358905393
1,Glucose,0,0.11399159,-1.815584662492272
1,Glucose,0,0.1166204,-1.7984248980445159
1,Glucose,0,0.11989636,-1.7812651335967595
1,Glucose,0,0.12325144,-1.7641053691490036
1,Glucose,0,0.1266869,-1.7469456047012477
1,Glucose,0,0.13020395,-1.7297858402534914
1,Glucose,0,0.1338036,-1.7126260758057354
1,Glucose,0,0.13748708,-1.695466311357979
1,Glucose,0,0.14125545,-1.6783065469102234
1,Glucose,0,0.1451097,-1.661146782462467
1,Glucose,0,0.14913666,-1.643987018014711
1,Glucose,0,0.15375403,-1.626827253566955
1,Glucose,0,0.15848765,-1.6096674891191989
1,Glucose,0,0.16333899,-1.592507724671443
1,Glucose,0,0.16830905,-1.5753479602236866
1,Glucose,0,0.17339906,-1.5581881957759305
1,Glucose,0,0.1786099,-1.5410284313281744
1,Glucose,0,0.18394245,-1.5238686668804187
1,Glucose,0,0.18939754,-1.5067089024326625
1,Glucose,0,0.1949757,-1.489549137984906
1,Glucose,0,0.20067763,-1.47238937353715
1,Glucose,0,0.20650336,-1.455229609089394
1,Glucose,0,0.21245334,-1.4380698446416382
1,Glucose,0,0.21852753,-1.4209100801938819
1,Glucose,0,0.22472586,-1.4037503157461255
1,Glucose,0,0.23104797,-1.3865905512983696
1,Glucose,0,0.23749352,-1.3694307868506137
1,Glucose,0,0.24406177,-1.3522710224028573
1,Glucose,0,0.2507519,-1.3351112579551014
1,Glucose,0,0.2556969,-1.3179514935073453
1,Glucose,0,0.25959212,-1.3007917290595892
1,Glucose,0,0.26352566,-1.2836319646118335
1,Glucose,0,0.2674973,-1.266472200164077
1,Glucose,0,0.2715068,-1.249312435716321
1,Glucose,0,0.2755537,-1.2321526712685649
1,Glucose,0,0.27963775,-1.2149929068208087
1,Glucose,0,0.2837587,-1.1978331423730526
1,Glucose,0,0.287791,-1.1806733779252965
1,Glucose,0,0.2915666,-1.1635136134775403
1,Glucose,0,0.29537123,-1.1463538490297842
1,Glucose,0,0.2992045,-1.1291940845820285
1,Glucose,0,0.30306616,-1.112034320134272
1,Glucose,0,0.30695587,-1.094874555686516
1,Glucose,0,0.31087315,-1.07771479123876
1,Glucose,0,0.31481773,-1.0605550267910042
1,Glucose,0,0.3179766,-1.0433952623432479
1,Glucose,0,0.32078183,-1.0262354978954915
1,Glucose,0,0.3236,-1.0090757334477356
1,Glucose,0,0.32643119,-0.9919159689999794
1,Glucose,0,0.32927498,-0.9747562045522234
1,Glucose,0,0.3321314,-0.9575964401044672
1,Glucose,0,0.33500016,-0.9404366756567114
1,Glucose,0,0.33788115,-0.9232769112089552
1,Glucose,0,0.34077427,-0.9061171467611993
1,Glucose,0,0.34367928,-0.8889573823134431
1,Glucose,0,0.34659603,-0.8717976178656868
1,Glucose,0,0.34952432,-0.8546378534179307
1,Glucose,0,0.35355175,-0.8374780889701747
1,Glucose,0,0.3587311,-0.8203183245224187
1,Glucose,0,0.36394358,-0.8031585600746624
1,Glucose,0,0.36918822,-0.7859987956269062
1,Glucose,0,0.374464,-0.7688390311791502
1,Glucose,0,0.3797697,-0.7516792667313944
1,Glucose,0,0.38510436,-0.734519502283638
1,Glucose,0,0.39046672,-0.717359737835882
1,Glucose,0,0.39585572,-0.7001999733881258
1,Glucose,0,0.4012701,-0.6830402089403698
1,Glucose,0,0.40670872,-0.6658804444926139
1,Glucose,0,0.4121703,-0.6487206800448577
1,Glucose,0,0.41765356,-0.6315609155971016
1,Glucose,0,0.42315733,-0.6144011511493455
1,Glucose,0,0.42868012,-0.5972413867015892
1,Glucose,0,0.43422082,-0.5800816222538332
1,Glucose,0,0.439778,-0.5629218578060773
1,Glucose,0,0.44535032,-0.5457620933583213
1,Glucose,0,0.45093638,-0.528602328910565
1,Glucose,0,0.45653486,-0.5114425644628089
1,Glucose,0,0.4621443,-0.4942828000150528
1,Glucose,0,0.46776342,-0.4771230355672966
1,Glucose,0,0.47339067,-0.4599632711195407
1,Glucose,0,0.47902474,-0.4428035066717846
1,Glucose,0,0.48466405,-0.4256437422240285
1,Glucose,0,0.49030733,-0.4084839777762723
1,Glucose,0,0.49595308,-0.39132421332851614
1,Glucose,1,0.5015999,-0.37416444888076006
1,Glucose,1,0.50724626,-0.3570046844330041
1,Glucose,1,0.5128908,-0.339844919985248
1,Glucose,1,0.5201481,-0.3226851555374919
1,Glucose,1,0.52807647,-0.30552539108973575
1,Glucose,1,0.5359907,-0.2883656266419796
1,Glucose,1,0.54388684,-0.2712058621942235
1,Glucose,1,0.55176103,-0.2540460977464676
1,Glucose,1,0.5596093,-0.23688633329871145
1,Glucose,1,0.56742793,-0.21972656885095526
1,Glucose,1,0.5752131,-0.2025668044031992
1,Glucose,1,0.582946,-0.18540703995544305
1,Glucose,1,0.58864135,-0.1682472755076869
1,Glucose,1,0.594313,-0.151087511059931
1,Glucose,1,0.5999596,-0.13392774661217488
1,Glucose,1,0.6048277,-0.11676798216441878
1,Glucose,1,0.60956305,-0.0996082177166626
1,Glucose,1,0.61390346,-0.08244845326890649
1,Glucose,1,0.61822593,-0.06528868882115058
1,Glucose,1,0.62252975,-0.048128924373394444
1,Glucose,1,0.62681425,-0.030969159925638305
1,Glucose,1,0.631079,-0.013809395477882179
1,Glucose,1,0.6353233,0.0033503689698739514
1,Glucose,1,0.6395467,0.02051013341763008
1,Glucose,1,0.64374864,0.037669897865385986
1,Glucose,1,0.64792854,0.05482966231314213
1,Glucose,1,0.6520859,0.07198942676089826
1,Glucose,1,0.65622026,0.0891491912086544
1,Glucose,1,0.6603311,0.10630895565641055
1,Glucose,1,0.66441786,0.12346872010416662
1,Glucose,1,0.6684801,0.14062848455192256
1,Glucose,1,0.6725175,0.1577882489996787
1,Glucose,1,0.67652947,0.17494801344743482
1,Glucose,1,0.68051565,0.1921077778951909
1,Glucose,1,0.6844756,0.2092675423429471
1,Glucose,1,0.688409,0.2264273067907032
1,Glucose,1,0.69237465,0.24358707123845935
1,Glucose,1,0.69648564,0.2607468356862155
1,Glucose,1,0.7005653,0.27790660013397156
1,Glucose,1,0.70461345,0.2950663645817273
1,Glucose,1,0.7086377,0.31222612902948343
1,Glucose,1,0.71330905,0.3293858934772396
1,Glucose,1,0.7179354,0.3465456579249957
1,Glucose,1,0.72251606,0.36370542237275183
1,Glucose,1,0.7270506,0.3808651868205081
1,Glucose,1,0.73153853,0.39802495126826404
1,Glucose,1,0.73597956,0.41518471571602017
1,Glucose,1,0.74037313,0.4323444801637764
1,Glucose,1,0.7447191,0.4495042446115325
1,Glucose,1,0.7490168,0.4666640090592887
1,Glucose,1,0.75326616,0.4838237735070444
1,Glucose,1,0.7574669,0.5009835379548004
1,Glucose,1,0.7616188,0.5181433024025565
1,Glucose,1,0.76572156,0.5353030668503127
1,Glucose,1,0.769775,0.5524628312980688
1,Glucose,1,0.77377903,0.569622595745825
1,Glucose,1,0.77773356,0.5867823601935811
1,Glucose,1,0.78058904,0.6039421246413372
1,Glucose,1,0.783278,0.6211018890890934
1,Glucose,1,0.78594303,0.6382616535368495
1,Glucose,1,0.7885842,0.6554214179846056
1,Glucose,1,0.7912013,0.6725811824323616
1,Glucose,1,0.7937946,0.6897409468801174
1,Glucose,1,0.79636383,0.7069007113278735
1,Glucose,1,0.7989092,0.7240604757756298
1,Glucose,1,0.80143076,0.7412202402233857
1,Glucose,1,0.80392843,0.7583800046711419
1,Glucose,1,0.8064023,0.775539769118898
1,Glucose,1,0.8088523,0.7926995335666542
1,Glucose,1,0.81127864,0.8098592980144101
1,Glucose,1,0.8136812,0.8270190624621665
1,Glucose,1,0.8160602,0.8441788269099226
1,Glucose,1,0.8184155,0.8613385913576787
1,Glucose,1,0.8207473,0.878498355805435
1,Glucose,1,0.8230557,0.8956581202531907
1,Glucose,1,0.82534057,0.912817884700947
1,Glucose,1,0.82760227,0.9299776491487028
1,Glucose,1,0.8298406,0.9471374135964588
1,Glucose,1,0.83205575,0.964297178044215
1,Glucose,1,0.834248,0.9814569424919712
1,Glucose,1,0.83641714,0.9986167069397272
1,Glucose,1,0.8385634,1.0157764713874835
1,Glucose,1,0.8406868,1.0329362358352396
1,Glucose,1,0.8427875,1.0500960002829953
1,Glucose,1,0.8448657,1.067255764730752
1,Glucose,1,0.8469214,1.0844155291785076
1,Glucose,1,0.8489547,1.1015752936262635
1,Glucose,1,0.8509658,1.1187350580740199
1,Glucose,1,0.8529547,1.135894822521776
1,Glucose,1,0.8549215,1.153054586969532
1,Glucose,1,0.85686654,1.1702143514172882
1,Glucose,1,0.85878986,1.1873741158650444
1,Glucose,1,0.8606915,1.2045338803128003
1,Glucose,1,0.86257154,1.2216936447605566
1,Glucose,1,0.8644302,1.2388534092083128
1,Glucose,1,0.8662677,1.256013173656069
1,Glucose,1,0.8680841,1.2731729381038248
1,Glucose,1,0.8698795,1.2903327025515805
1,Glucose,1,0.871654,1.3074924669993369
1,Glucose,1,0.8734079,1.3246522314470928
1,Glucose,1,0.8751414,1.3418119958948491
1,Glucose,1,0.8768543,1.358971760342605
1,Glucose,1,0.8785471,1.3761315247903614
1,Glucose,1,0.8802197,1.3932912892381175
1,Glucose,1,0.88187236,1.4104510536858736
1,Glucose,1,0.8835053,1.4276108181336296
1,Glucose,1,0.8851186,1.444770582581386
1,Glucose,1,0.88671243,1.461930347029142
1,Glucose,1,0.88828695,1.4790901114768977
1,Glucose,1,0.8898423,1.4962498759246539
1,Glucose,1,0.8913786,1.5134096403724098
1,Glucose,1,0.8928961,1.5305694048201661
1,Glucose,1,0.8943949,1.5477291692679223
1,Glucose,1,0.8958751,1.5648889337156784
1,Glucose,1,0.897337,1.5820486981634343
1,Glucose,1,0.8987807,1.5992084626111909
1,Glucose,1,0.9002063,1.6163682270589468
1,Glucose,1,0.9016141,1.6335279915067027
1,Glucose,1,0.90300417,1.6506877559544588
1,Glucose,1,0.9043766,1.667847520402215
1,Glucose,1,0.9057317,1.685007284849971
1,Glucose,1,0.9070696,1.7021670492977268
1,Glucose,1,0.90839034,1.7193268137454831
1,Glucose,1,0.90969425,1.736486578193239
1,Glucose,1,0.9109815,1.7536463426409954
1,Glucose,1,0.912252,1.7708061070887515
1,Glucose,1,0.91350615,1.7879658715365074
1,Glucose,1,0.91474414,1.805125635984264
1,Glucose,1,0.9159659,1.82228540043202
1,Glucose,1,0.9171718,1.839445164879776
1,Glucose,1,0.9183619,1.856604929327532
1,Glucose,1,0.91953653,1.8737646937752883
1,Glucose,1,0.92069566,1.890924458223044
1,Glucose,1,0.9218394,1.9080842226708
1,Glucose,1,0.9229681,1.925243987118556
1,Glucose,1,0.92408186,1.9424037515663124
1,Glucose,1,0.9251808,1.9595635160140683
1,Glucose,1,0.9262651,1.9767232804618244
1,Glucose,1,0.92733496,1.9938830449095808
1,Glucose,1,0.9283905,2.0110428093573374
1,Glucose,1,0.9294318,2.0282025738050926
1,Glucose,1,0.9304591,2.0453623382528487
1,Glucose,1,0.93147266,2.0625221027006053
1,Glucose,1,0.93247247,2.079681867148361
1,Glucose,1,0.9334586,2.0968416315961167
1,Glucose,1,0.93443143,2.114001396043873
1,Glucose,1,0.9353911,2.1311611604916294
1,Glucose,1,0.93633765,2.148320924939385
1,Glucose,1,0.9372712,2.1654806893871417
1,Glucose,1,0.93819195,2.182640453834898
1,Glucose,1,0.93910015,2.1998002182826535
1,Glucose,1,0.93999577,2.21695998273041
1,Glucose,1,0.9408792,2.234119747178166
1,Glucose,1,0.94175035,2.2512795116259223
1,Glucose,1,0.94260937,2.2684392760736785
1,Glucose,1,0.94345653,2.285599040521434
1,Glucose,1,0.94429195,2.3027588049691907
1,Glucose,1,0.94511575,2.319918569416947
1,Glucose,1,0.94592804,2.337078333864703
1,Glucose,1,0.94672894,2.354238098312459
1,Glucose,1,0.94751865,2.3713978627602152
1,Glucose,1,0.9482973,2.388557627207971
1,Glucose,1,0.9490651,2.405717391655726
1,Glucose,1,0.94982207,2.4228771561034828
1,Glucose,1,0.9505684,2.440036920551239
1,Glucose,1,0.9513041,2.457196684998995
1,BloodP,1,0.9662942,-2.271066512213116
1,BloodP,1,0.96615726,-2.2508350001149413
1,BloodP,1,0.9660197,-2.2306034880167664
1,BloodP,1,0.9658817,-2.2103719759185916
1,BloodP,1,0.965743,-2.1901404638204163
1,BloodP,1,0.9656038,-2.1699089517222427
1,BloodP,1,0.9654641,-2.149677439624068
1,BloodP,1,0.9653238,-2.129445927525893
1,BloodP,1,0.96518296,-2.1092144154277186
1,BloodP,1,0.96504164,-2.088982903329544
1,BloodP,1,0.9648998,-2.0687513912313693
1,BloodP,1,0.96475726,-2.0485198791331944
1,BloodP,1,0.96461415,-2.0282883670350205
1,BloodP,1,0.9644707,-2.008056854936845
1,BloodP,1,0.96432644,-1.9878253428386707
1,BloodP,1,0.9641818,-1.967593830740496
1,BloodP,1,0.9640365,-1.9473623186423217
1,BloodP,1,0.9638906,-1.9271308065441468
1,BloodP,1,0.9637442,-1.906899294445972
1,BloodP,1,0.9635972,-1.8866677823477969
1,BloodP,1,0.96344966,-1.8664362702496229
1,BloodP,1,0.96330154,-1.846204758151448
1,BloodP,1,0.96315277,-1.8259732460532736
1,BloodP,1,0.9630035,-1.8057417339550987
1,BloodP,1,0.9628536,-1.7855102218569243
1,BloodP,1,0.9627031,-1.7652787097587495
1,BloodP,1,0.96255213,-1.745047197660575
1,BloodP,1,0.9624005,-1.7248156855624002
1,BloodP,1,0.96224827,-1.7045841734642255
1,BloodP,1,0.9620954,-1.6843526613660513
1,BloodP,1,0.9619421,-1.6641211492678765
1,BloodP,1,0.961788,-1.6438896371697018
1,BloodP,1,0.9616334,-1.623658125071527
1,BloodP,1,0.96147823,-1.6034266129733523
1,BloodP,1,0.9613224,-1.583195100875178
1,BloodP,1,0.961166,-1.5629635887770033
1,BloodP,1,0.96100897,-1.5427320766788286
1,BloodP,1,0.9608514,-1.522500564580654
1,BloodP,1,0.9606931,-1.5022690524824793
1,BloodP,1,0.9605343,-1.4820375403843047
1,BloodP,1,0.9602928,-1.46180602828613
1,BloodP,1,0.9600305,-1.4415745161879554
1,BloodP,1,0.9597371,-1.4213430040897808
1,BloodP,1,0.9594078,-1.401111491991606
1,BloodP,1,0.959191,-1.3808799798934313
1,BloodP,1,0.95907533,-1.3606484677952568
1,BloodP,1,0.95889413,-1.3404169556970822
1,BloodP,1,0.9587023,-1.3201854435989073
1,BloodP,1,0.95848864,-1.299953931500733
1,BloodP,1,0.958246,-1.2797224194025583
1,BloodP,1,0.95800203,-1.2594909073043838
1,BloodP,1,0.95775664,-1.239259395206209
1,BloodP,1,0.95751,-1.2190278831080343
1,BloodP,1,0.95726186,-1.1987963710098597
1,BloodP,1,0.9570123,-1.1785648589116848
1,BloodP,1,0.9567615,-1.1583333468135104
1,BloodP,1,0.9565091,-1.1381018347153355
1,BloodP,1,0.9562555,-1.1178703226171611
1,BloodP,1,0.9560004,-1.0976388105189865
1,BloodP,1,0.9557439,-1.0774072984208118
1,BloodP,1,0.955486,-1.057175786322637
1,BloodP,1,0.9552266,-1.0369442742244623
1,BloodP,1,0.9549657,-1.016712762126288
1,BloodP,1,0.95470345,-0.9964812500281132
1,BloodP,1,0.9544398,-0.9762497379299386
1,BloodP,1,0.95417464,-0.9560182258317642
1,BloodP,1,0.953908,-0.9357867137335892
1,BloodP,1,0.95363986,-0.9155552016354148
1,BloodP,1,0.9533703,-0.8953236895372401
1,BloodP,1,0.9530992,-0.8750921774390655
1,BloodP,1,0.95282656,-0.8548606653408908
1,BloodP,1,0.9525525,-0.8346291532427162
1,BloodP,1,0.9522769,-0.8143976411445416
1,BloodP,1,0.95199966,-0.7941661290463667
1,BloodP,1,0.951721,-0.7739346169481921
1,BloodP,1,0.95144093,-0.7537031048500173
1,BloodP,1,0.9511591,-0.7334715927518428
1,BloodP,1,0.9508759,-0.7132400806536682
1,BloodP,1,0.95059097,-0.6930085685554936
1,BloodP,1,0.9503046,-0.672777056457319
1,BloodP,1,0.9500166,-0.6525455443591444
1,BloodP,1,0.9497271,-0.6323140322609697
1,BloodP,1,0.9494359,-0.6120825201627951
1,BloodP,1,0.9491432,-0.5918510080646204
1,BloodP,1,0.9488488,-0.5716194959664458
1,BloodP,1,0.9485529,-0.5513879838682711
1,BloodP,1,0.94825524,-0.5311564717700965
1,BloodP,1,0.947956,-0.5109249596719219
1,BloodP,1,0.9476552,-0.4906934475737472
1,BloodP,1,0.9474537,-0.4704619354755725
1,BloodP,1,0.9472717,-0.4502304233773979
1,BloodP,1,0.94708914,-0.4299989112792233
1,BloodP,1,0.946906,-0.4097673991810487
1,BloodP,1,0.9467222,-0.389535887082874
1,BloodP,1,0.9465379,-0.3693043749846994
1,BloodP,1,0.94635284,-0.3490728628865247
1,BloodP,1,0.94616735,-0.3288413507883501
1,BloodP,1,0.94598114,-0.3086098386901754
1,BloodP,1,0.9457944,-0.28837832659200074
1,BloodP,1,0.94560707,-0.26814681449382594
1,BloodP,1,0.9454191,-0.2479153023956515
1,BloodP,1,0.9452304,-0.2276837902974771
1,BloodP,1,0.9450412,-0.20745227819930226
1,BloodP,1,0.9448514,-0.18722076610112734
1,BloodP,1,0.94466096,-0.16698925400295292
1,BloodP,1,0.9444699,-0.14675774190477853
1,BloodP,1,0.94427824,-0.12652622980660366
1,BloodP,1,0.9440859,-0.1062947177084288
1,BloodP,1,0.94389296,-0.08606320561025436
1,BloodP,1,0.94369936,-0.06583169351207996
1,BloodP,1,0.9435052,-0.04560018141390509
1,BloodP,1,0.94331044,-0.02536866931573023
1,BloodP,1,0.943115,-0.005137157217555809
1,BloodP,1,0.9429189,0.015094354880618612
1,BloodP,1,0.9427222,0.035325866978793474
1,BloodP,1,0.94252485,0.05555737907696834
1,BloodP,1,0.9423269,0.07578889117514276
1,BloodP,1,0.94212824,0.09602040327331715
1,BloodP,1,0.9419289,0.11625191537149206
1,BloodP,1,0.94172907,0.1364834274696669
1,BloodP,1,0.94152844,0.1567149395678413
1,BloodP,1,0.9413273,0.17694645166601575
1,BloodP,1,0.9411254,0.1971779637641906
1,BloodP,1,0.9409229,0.21740947586236548
1,BloodP,1,0.9407198,0.23764098796053984
1,BloodP,1,0.9405159,0.2578725000587143
1,BloodP,1,0.9403115,0.2781040121568892
1,BloodP,1,0.9401063,0.29833552425506404
1,BloodP,1,0.93990046,0.31856703635323846
1,BloodP,1,0.9396941,0.33879854845141283
1,BloodP,1,0.939487,0.3590300605495877
1,BloodP,1,0.93927926,0.37926157264776256
1,BloodP,1,0.9390707,0.399493084745937
1,BloodP,1,0.93886155,0.4197245968441114
1,BloodP,1,0.93865186,0.4399561089422864
1,BloodP,1,0.93844134,0.4601876210404612
1,BloodP,1,0.9382303,0.4804191331386356
1,BloodP,1,0.93801844,0.5006506452368099
1,BloodP,1,0.937806,0.5208821573349849
1,BloodP,1,0.9375928,0.5411136694331597
1,BloodP,1,0.93737894,0.5613451815313341
1,BloodP,1,0.93716437,0.5815766936295086
1,BloodP,1,0.9369492,0.6018082057276835
1,BloodP,1,0.9367332,0.6220397178258583
1,BloodP,1,0.9362569,0.6422712299240328
1,BloodP,1,0.93577313,0.6625027420222072
1,BloodP,1,0.935286,0.682734254120382
1,BloodP,1,0.9347955,0.7029657662185569
1,BloodP,1,0.9343014,0.7231972783167314
1,BloodP,1,0.9338039,0.7434287904149057
1,BloodP,1,0.93330294,0.7636603025130806
1,BloodP,1,0.9327983,0.7838918146112553
1,BloodP,1,0.93229026,0.8041233267094298
1,BloodP,1,0.9317787,0.8243548388076044
1,BloodP,1,0.93126345,0.844586350905779
1,BloodP,1,0.93074465,0.8648178630039539
1,BloodP,1,0.93022233,0.8850493751021284
1,BloodP,1,0.9296962,0.9052808872003028
1,BloodP,1,0.9291665,0.9255123992984776
1,BloodP,1,0.92863303,0.9457439113966526
1,BloodP,1,0.92809594,0.965975423494827
1,BloodP,1,0.9275551,0.9862069355930014
1,BloodP,1,0.9270104,1.0064384476911763
1,BloodP,1,0.92646205,1.0266699597893512
1,BloodP,1,0.92590994,1.0469014718875258
1,BloodP,1,0.925354,1.0671329839857
1,BloodP,1,0.92479414,1.0873644960838749
1,BloodP,1,0.9242305,1.1075960081820495
1,BloodP,1,0.92366296,1.127827520280224
1,BloodP,1,0.92309153,1.1480590323783983
1,BloodP,1,0.9225162,1.1682905444765734
1,BloodP,1,0.9219369,1.1885220565747483
1,BloodP,1,0.92135364,1.2087535686729227
1,BloodP,1,0.9207665,1.2289850807710974
1,BloodP,1,0.9201752,1.249216592869272
1,BloodP,1,0.91957986,1.2694481049674469
1,BloodP,1,0.91898054,1.289679617065621
1,BloodP,1,0.9183772,1.3099111291637955
1,BloodP,1,0.91776973,1.3301426412619703
1,BloodP,1,0.9171581,1.3503741533601454
1,BloodP,1,0.91654235,1.3706056654583199
1,BloodP,1,0.91592246,1.3908371775564945
1,BloodP,1,0.91529846,1.411068689654669
1,BloodP,1,0.9146702,1.431300201752844
1,BloodP,1,0.91403776,1.4515317138510182
1,BloodP,1,0.913401,1.471763225949193
1,BloodP,1,0.91276,1.4919947380473677
1,BloodP,1,0.91211474,1.5122262501455424
1,BloodP,1,0.9114651,1.5324577622437168
1,BloodP,1,0.91081125,1.5526892743418916
1,BloodP,1,0.9101529,1.5729207864400665
1,BloodP,1,0.9094903,1.5931522985382411
1,BloodP,1,0.9088232,1.6133838106364158
1,BloodP,1,0.9081518,1.63361532273459
1,BloodP,1,0.9074759,1.653846834832765
1,BloodP,1,0.90679544,1.6740783469309395
1,BloodP,1,0.9061106,1.694309859029114
1,BloodP,1,0.9054212,1.7145413711272883
1,BloodP,1,0.9047273,1.7347728832254639
1,BloodP,1,0.9040289,1.755004395323638
1,BloodP,1,0.90332586,1.7752359074218125
1,BloodP,1,0.9026182,1.7954674195199871
1,BloodP,1,0.901906,1.815698931618161
1,BloodP,1,0.9011891,1.8359304437163368
1,BloodP,1,0.90046763,1.8561619558145113
1,BloodP,1,0.89974135,1.8763934679126857
1,BloodP,1,0.8990104,1.8966249800108608
1,BloodP,1,0.8982748,1.9168564921090356
1,BloodP,1,0.89753443,1.9370880042072096
1,BloodP,1,0.89678925,1.957319516305384
1,BloodP,1,0.8960393,1.9775510284035585
1,BloodP,1,0.8952845,1.997782540501734
1,BloodP,1,0.89452493,2.0180140525999084
1,BloodP,1,0.8937604,2.038245564698083
1,BloodP,1,0.89299107,2.0584770767962577
1,BloodP,1,0.89221686,2.0787085888944326
1,BloodP,1,0.8914377,2.098940100992607
1,BloodP,1,0.89065355,2.1191716130907814
1,BloodP,1,0.88986456,2.139403125188956
1,BloodP,1,0.8890705,2.159634637287131
1,BloodP,1,0.88827145,2.179866149385305
1,BloodP,1,0.8874674,2.20009766148348
1,BloodP,1,0.88665825,2.2203291735816553
1,BloodP,1,0.885844,2.2405606856798297
1,BloodP,1,0.8850247,2.260792197778004
1,BloodP,1,0.8842003,2.2810237098761785
1,BloodP,1,0.88337076,2.301255221974353
1,BloodP,1,0.8825361,2.321486734072528
1,BloodP,1,0.8816962,2.3417182461707022
1,BloodP,1,0.88085115,2.3619497582688767
1,BloodP,1,0.88000095,2.3821812703670524
1,BloodP,1,0.8791453,2.402412782465227
1,BloodP,1,0.87828463,2.422644294563401
1,BloodP,1,0.87741864,2.442875806661576
1,BloodP,1,0.8765473,2.46310731875975
1,BloodP,1,0.8756707,2.4833388308579254
1,BloodP,1,0.87478864,2.5035703429561
1,BloodP,1,0.87390125,2.5238018550542742
1,BloodP,1,0.87300855,2.5440333671524495
1,BloodP,1,0.8721104,2.564264879250624
1,BloodP,1,0.871207,2.5844963913487984
1,BloodP,1,0.87029797,2.604727903446973
1,BloodP,1,0.8693836,2.6249594155451472
1,BloodP,1,0.86831564,2.6451909276433225
1,BloodP,1,0.86719674,2.665422439741497
1,BloodP,1,0.8660698,2.685653951839672
1,BloodP,1,0.8649347,2.7058854639378462
1,BloodP,1,0.8637915,2.7261169760360207
1,BloodP,1,0.86264014,2.7463484881341955
1,BloodP,1,0.8614807,2.766580000232369
1,Skin,1,0.9250839,-2.083982951390912
1,Skin,1,0.92509407,-2.0656840250235966
1,Skin,1,0.9251042,-2.047385098656281
1,Skin,1,0.9251143,-2.0290861722889666
1,Skin,1,0.9251244,-2.0107872459216516
1,Skin,1,0.9251345,-1.9924883195543364
1,Skin,1,0.9251446,-1.9741893931870211
1,Skin,1,0.9251548,-1.9558904668197064
1,Skin,1,0.9251649,-1.9375915404523916
1,Skin,1,0.925175,-1.9192926140850763
1,Skin,1,0.9251851,-1.9009936877177604
1,Skin,1,0.9251952,-1.882694761350446
1,Skin,1,0.9252053,-1.864395834983131
1,Skin,1,0.9252154,-1.846096908615816
1,Skin,1,0.9252255,-1.8277979822485009
1,Skin,1,0.9252356,-1.8094990558811856
1,Skin,1,0.9252457,-1.7912001295138713
1,Skin,1,0.92525584,-1.772901203146556
1,Skin,1,0.9252659,-1.754602276779241
1,Skin,1,0.92527604,-1.7363033504119258
1,Skin,1,0.9252861,-1.7180044240446108
1,Skin,1,0.92529625,-1.6997054976772956
1,Skin,1,0.9253063,-1.6814065713099804
1,Skin,1,0.92531645,-1.6631076449426658
1,Skin,1,0.92532647,-1.6448087185753508
1,Skin,1,0.92533654,-1.6265097922080356
1,Skin,1,0.9253467,-1.6082108658407204
1,Skin,1,0.92535675,-1.5899119394734054
1,Skin,1,0.9253669,-1.5716130131060901
1,Skin,1,0.92537695,-1.5533140867387756
1,Skin,1,0.9253871,-1.5350151603714606
1,Skin,1,0.9253971,-1.5167162340041451
1,Skin,1,0.9254072,-1.4984173076368303
1,Skin,1,0.9254173,-1.4801183812695151
1,Skin,1,0.9254273,-1.4618194549022
1,Skin,1,0.9254375,-1.443520528534885
1,Skin,1,0.9254475,-1.42522160216757
1,Skin,1,0.92545766,-1.406922675800255
1,Skin,1,0.9254676,-1.38862374943294
1,Skin,1,0.92547774,-1.370324823065625
1,Skin,1,0.9254879,-1.3520258966983103
1,Skin,1,0.92549783,-1.333726970330995
1,Skin,1,0.92550796,-1.31542804396368
1,Skin,1,0.925518,-1.297129117596365
1,Skin,1,0.9255281,-1.2788301912290498
1,Skin,1,0.9255382,-1.2605312648617346
1,Skin,1,0.9255482,-1.24223233849442
1,Skin,1,0.9255583,-1.2239334121271046
1,Skin,1,0.92556834,-1.2056344857597898
1,Skin,1,0.9255784,-1.1873355593924746
1,Skin,1,0.9255884,-1.1690366330251596
1,Skin,1,0.92559856,-1.1507377066578444
1,Skin,1,0.9256086,-1.1324387802905296
1,Skin,1,0.92561865,-1.1141398539232144
1,Skin,1,0.92562866,-1.0958409275558996
1,Skin,1,0.9256388,-1.0775420011885843
1,Skin,1,0.9256488,-1.0592430748212691
1,Skin,1,0.9256589,-1.0409441484539543
1,Skin,1,0.9256689,-1.022645222086639
1,Skin,1,0.9256789,-1.0043462957193243
1,Skin,1,0.9256889,-0.9860473693520094
1,Skin,1,0.92569906,-0.9677484429846942
1,Skin,1,0.92570907,-0.9494495166173792
1,Skin,1,0.9257191,-0.9311505902500642
1,Skin,1,0.9257292,-0.912851663882749
1,Skin,1,0.9257392,-0.894552737515434
1,Skin,1,0.92574924,-0.876253811148119
1,Skin,1,0.9257593,-0.857954884780804
1,Skin,1,0.9257693,-0.8396559584134888
1,Skin,1,0.92577934,-0.8213570320461737
1,Skin,1,0.9257895,-0.8030581056788589
1,Skin,1,0.9257995,-0.7847591793115438
1,Skin,1,0.9258095,-0.7664602529442289
1,Skin,1,0.9258195,-0.7481613265769138
1,Skin,1,0.9258295,-0.7298624002095987
1,Skin,1,0.92583954,-0.7115634738422836
1,Skin,1,0.9258497,-0.6932645474749686
1,Skin,1,0.9258597,-0.6749656211076536
1,Skin,1,0.9258697,-0.6566666947403386
1,Skin,1,0.9258797,-0.6383677683730236
1,Skin,1,0.92588973,-0.6200688420057086
1,Skin,1,0.92589974,-0.6017699156383933
1,Skin,1,0.92590976,-0.5834709892710783
1,Skin,1,0.9259198,-0.5651720629037633
1,Skin,1,0.9259298,-0.5468731365364483
1,Skin,1,0.9259398,-0.5285742101691332
1,Skin,1,0.9259498,-0.5102752838018183
1,Skin,1,0.9259598,-0.491976357434503
1,Skin,1,0.92596984,-0.4736774310671881
1,Skin,1,0.92597985,-0.455378504699873
1,Skin,1,0.92598987,-0.4370795783325581
1,Skin,1,0.9259999,-0.41878065196524317
1,Skin,1,0.9260099,-0.40048172559792805
1,Skin,1,0.92601985,-0.3821827992306128
1,Skin,1,0.92602986,-0.3638838728632978
1,Skin,1,0.9260399,-0.3455849464959828
1,Skin,1,0.9260499,-0.3272860201286678
1,Skin,1,0.9260599,-0.30898709376135286
1,Skin,1,0.9260699,-0.29068816739403774
1,Skin,1,0.9260799,-0.2723892410267228
1,Skin,1,0.9260898,-0.2540903146594076
1,Skin,1,0.9260999,-0.2357913882920925
1,Skin,1,0.9261099,-0.21749246192477759
1,Skin,1,0.9261199,-0.19919353555746253
1,Skin,1,0.9261298,-0.18089460919014755
1,Skin,1,0.92613983,-0.16259568282283254
1,Skin,1,0.92614985,-0.1442967564555173
1,Skin,1,0.9261599,-0.1259978300882023
1,Skin,1,0.9261698,-0.1076989037208873
1,Skin,1,0.9261798,-0.0893999773535723
1,Skin,1,0.9261897,-0.07110105098625707
1,Skin,1,0.9261998,-0.05280212461894208
1,Skin,1,0.9262098,-0.034503198251627065
1,Skin,1,0.9262197,-0.016204271884312064
1,Skin,1,0.9262297,0.002094654483002944
1,Skin,1,0.92623967,0.02039358085031795
1,Skin,1,0.9262497,0.03869250721763296
1,Skin,1,0.9262597,0.05699143358494796
1,Skin,1,0.92626965,0.07529035995226296
1,Skin,1,0.92627966,0.09358928631957796
1,Skin,1,0.92628956,0.11188821268689296
1,Skin,1,0.9262637,0.13018713905420798
1,Skin,1,0.92616093,0.14848606542152343
1,Skin,1,0.92605793,0.16678499178883843
1,Skin,1,0.9259548,0.18508391815615344
1,Skin,1,0.9258516,0.20338284452346844
1,Skin,1,0.92574817,0.22168177089078342
1,Skin,1,0.9256447,0.23998069725809845
1,Skin,1,0.92554104,0.25827962362541346
1,Skin,1,0.92543733,0.2765785499927285
1,Skin,1,0.9253334,0.29487747636004347
1,Skin,1,0.9252294,0.31317640272735847
1,Skin,1,0.9251252,0.3314753290946735
1,Skin,1,0.9250209,0.3497742554619885
1,Skin,1,0.9249165,0.3680731818293034
1,Skin,1,0.9248119,0.3863721081966189
1,Skin,1,0.9247072,0.40467103456393394
1,Skin,1,0.9246023,0.42296996093124895
1,Skin,1,0.92449737,0.44126888729856395
1,Skin,1,0.92439234,0.459567813665879
1,Skin,1,0.924287,0.477866740033194
1,Skin,1,0.9241817,0.4961656664005089
1,Skin,1,0.92407614,0.514464592767824
1,Skin,1,0.9239705,0.5327635191351389
1,Skin,1,0.9238648,0.551062445502454
1,Skin,1,0.92375886,0.5693613718697689
1,Skin,1,0.92365277,0.587660298237084
1,Skin,1,0.9235466,0.605959224604399
1,Skin,1,0.9234403,0.6242581509717144
1,Skin,1,0.9233338,0.6425570773390294
1,Skin,1,0.92322725,0.6608560037063445
1,Skin,1,0.92312044,0.6791549300736593
1,Skin,1,0.9230136,0.6974538564409745
1,Skin,1,0.9229067,0.7157527828082895
1,Skin,1,0.9227996,0.7340517091756045
1,Skin,1,0.9226923,0.7523506355429194
1,Skin,1,0.92258483,0.7706495619102346
1,Skin,1,0.9224773,0.7889484882775494
1,Skin,1,0.92236966,0.8072474146448645
1,Skin,1,0.92226183,0.8255463410121795
1,Skin,1,0.9221538,0.8438452673794945
1,Skin,1,0.92204577,0.86214419374681
1,Skin,1,0.9219375,0.880443120114125
1,Skin,1,0.9218292,0.8987420464814398
1,Skin,1,0.9217206,0.917040972848755
1,Skin,1,0.9216121,0.9353398992160702
1,Skin,1,0.92150325,0.9536388255833848
1,Skin,1,0.92139435,0.9719377519507002
1,Skin,1,0.9212853,0.9902366783180148
1,Skin,1,0.9211761,1.00853560468533
1,Skin,1,0.92106676,1.026834531052645
1,Skin,1,0.9209572,1.0451334574199602
1,Skin,1,0.92084765,1.063432383787275
1,Skin,1,0.92073786,1.0817313101545905
1,Skin,1,0.920628,1.1000302365219055
1,Skin,1,0.9203654,1.1183291628892205
1,Skin,1,0.920082,1.1366280892565352
1,Skin,1,0.91979766,1.1549270156238505
1,Skin,1,0.91951233,1.1732259419911655
1,Skin,1,0.91922617,1.1915248683584805
1,Skin,1,0.918939,1.2098237947257957
1,Skin,1,0.91865087,1.2281227210931105
1,Skin,1,0.9183619,1.2464216474604257
1,Skin,1,0.918072,1.2647205738277405
1,Skin,1,0.91778105,1.2830195001950555
1,Skin,1,0.9174893,1.3013184265623703
1,Skin,1,0.9171965,1.319617352929686
1,Skin,1,0.9169028,1.3379162792970007
1,Skin,1,0.91660815,1.356215205664316
1,Skin,1,0.9163126,1.3745141320316308
1,Skin,1,0.916016,1.3928130583989458
1,Skin,1,0.9157185,1.4111119847662608
1,Skin,1,0.91542006,1.4294109111335762
1,Skin,1,0.91512066,1.4477098375008908
1,Skin,1,0.91482025,1.466008763868206
1,Skin,1,0.91451883,1.484307690235521
1,Skin,1,0.9142166,1.502606616602836
1,Skin,1,0.91391325,1.520905542970151
1,Skin,1,0.913609,1.5392044693374658
1,Skin,1,0.91330385,1.5575033957047815
1,Skin,1,0.91299754,1.5758023220720963
1,Skin,1,0.9126904,1.5941012484394115
1,Skin,1,0.9123823,1.6124001748067265
1,Skin,1,0.9120731,1.6306991011740415
1,Skin,1,0.911763,1.6489980275413565
1,Skin,1,0.91145194,1.6672969539086715
1,Skin,1,0.9111398,1.6855958802759865
1,Skin,1,0.9108267,1.7038948066433017
1,Skin,1,0.91051257,1.7221937330106163
1,Skin,1,0.91019756,1.7404926593779315
1,Skin,1,0.9098814,1.7587915857452463
1,Skin,1,0.9095643,1.7770905121125615
1,Skin,1,0.9092462,1.7953894384798768
1,Skin,1,0.9089271,1.813688364847192
1,Skin,1,0.908607,1.8319872912145072
1,Skin,1,0.9082859,1.8502862175818215
1,Skin,1,0.90796375,1.8685851439491368
1,Skin,1,0.9076405,1.886884070316452
1,Skin,1,0.9073164,1.9051829966837672
1,Skin,1,0.90699124,1.9234819230510825
1,Skin,1,0.906665,1.9417808494183972
1,Skin,1,0.90633774,1.9600797757857125
1,Skin,1,0.9060095,1.9783787021530277
1,Skin,1,0.9056802,1.9966776285203425
1,Skin,1,0.90534985,2.014976554887657
1,Skin,1,0.90501845,2.0332754812549725
1,Skin,1,0.90468603,2.0515744076222875
1,Skin,1,0.90435255,2.0698733339896025
1,Skin,1,0.9040181,2.088172260356917
1,Skin,1,0.9036826,2.106471186724232
1,Skin,1,0.90334594,2.1247701130915475
1,Skin,1,0.90300834,2.1430690394588625
1,Skin,1,0.9026696,2.161367965826177
1,Skin,1,0.90232986,2.1796668921934925
1,Skin,1,0.9019891,2.1979658185608075
1,Skin,1,0.90164727,2.2162647449281225
1,Skin,1,0.90130436,2.234563671295437
1,Skin,1,0.9009603,2.2528625976627525
1,Skin,1,0.9006153,2.2711615240300675
1,Skin,1,0.90028065,2.2894604503973826
1,Skin,1,0.9000071,2.307759376764697
1,Skin,1,0.89973307,2.3260583031320126
1,Skin,1,0.8994583,2.3443572294993276
1,Skin,1,0.89918286,2.3626561558666426
1,Skin,1,0.89890677,2.3809550822339585
1,Skin,1,0.89862996,2.399254008601273
1,Skin,1,0.8983525,2.4175529349685885
1,Skin,1,0.8980743,2.4358518613359035
1,Skin,1,0.8977956,2.454150787703219
1,Skin,1,0.8975161,2.472449714070533
1,Insulin,1,0.86492574,-1.573325300980427
1,Insulin,1,0.86537397,-1.5499286561204186
1,Insulin,1,0.8658208,-1.5265320112604095
1,Insulin,1,0.8662664,-1.5031353664004006
1,Insulin,1,0.8667107,-1.4797387215403917
1,Insulin,1,0.8671539,-1.4563420766803834
1,Insulin,1,0.86759573,-1.4329454318203743
1,Insulin,1,0.8680364,-1.409548786960365
1,Insulin,1,0.86847574,-1.3861521421003566
1,Insulin,1,0.86891395,-1.3627554972403475
1,Insulin,1,0.86935085,-1.339358852380339
1,Insulin,1,0.8697865,-1.31596220752033
1,Insulin,1,0.87022084,-1.2925655626603212
1,Insulin,1,0.87065405,-1.269168917800312
1,Insulin,1,0.871086,-1.2457722729403031
1,Insulin,1,0.8715167,-1.2223756280802947
1,Insulin,1,0.8719462,-1.1989789832202855
1,Insulin,1,0.8723745,-1.175582338360277
1,Insulin,1,0.87280154,-1.152185693500268
1,Insulin,1,0.87322736,-1.1287890486402594
1,Insulin,1,0.873652,-1.1053924037802503
1,Insulin,1,0.87407535,-1.0819957589202416
1,Insulin,1,0.87449753,-1.0585991140602329
1,Insulin,1,0.87491846,-1.035202469200224
1,Insulin,1,0.87533826,-1.011805824340215
1,Insulin,1,0.8757568,-0.988409179480206
1,Insulin,1,0.87617415,-0.9650125346201972
1,Insulin,1,0.8765903,-0.9416158897601884
1,Insulin,1,0.87700516,-0.9182192449001794
1,Insulin,1,0.8778202,-0.8948226000401708
1,Insulin,1,0.8788021,-0.8714259551801619
1,Insulin,1,0.87977713,-0.848029310320153
1,Insulin,1,0.8807455,-0.8246326654601441
1,Insulin,1,0.881707,-0.8012360206001354
1,Insulin,1,0.8826618,-0.7778393757401266
1,Insulin,1,0.8836099,-0.7544427308801178
1,Insulin,1,0.8845514,-0.7310460860201089
1,Insulin,1,0.88548625,-0.7076494411601
1,Insulin,1,0.88641447,-0.6842527963000911
1,Insulin,1,0.88733613,-0.6608561514400824
1,Insulin,1,0.8882513,-0.6374595065800736
1,Insulin,1,0.88916,-0.6140628617200646
1,Insulin,1,0.8900621,-0.5906662168600558
1,Insulin,1,0.8909578,-0.5672695720000469
1,Insulin,1,0.891847,-0.543872927140038
1,Insulin,1,0.89273,-0.5204762822800293
1,Insulin,1,0.89360654,-0.4970796374200204
1,Insulin,1,0.8944769,-0.4736829925600115
1,Insulin,1,0.89534086,-0.4502863477000028
1,Insulin,1,0.8961985,-0.4268897028399937
1,Insulin,1,0.8970501,-0.4034930579799849
1,Insulin,1,0.89789534,-0.3800964131199762
1,Insulin,1,0.8987345,-0.3566997682599673
1,Insulin,1,0.8995676,-0.3333031233999584
1,Insulin,1,0.9003945,-0.3099064785399497
1,Insulin,1,0.9012154,-0.2865098336799408
1,Insulin,1,0.9020302,-0.26311318881993184
1,Insulin,1,0.90283906,-0.23971654395992315
1,Insulin,1,0.903642,-0.21631989909991425
1,Insulin,1,0.904439,-0.19292325423990528
1,Insulin,1,0.90523,-0.1695266093798966
1,Insulin,1,0.9060152,-0.14612996451988766
1,Insulin,1,0.9067946,-0.12273331965987876
1,Insulin,1,0.90756804,-0.09933667479987007
1,Insulin,1,0.90833586,-0.07594002993986115
1,Insulin,1,0.9090979,-0.05254338507985223
1,Insulin,1,0.9098542,-0.02914674021984353
1,Insulin,1,0.9106049,-0.005750095359834617
1,Insulin,1,0.91134983,0.0176465495001743
1,Insulin,1,0.9120892,0.041043194360183
1,Insulin,1,0.91282314,0.06443983922019192
1,Insulin,1,0.9135514,0.08783648408020082
1,Insulin,1,0.91427416,0.11123312894020952
1,Insulin,1,0.9149915,0.13462977380021843
1,Insulin,1,0.91570336,0.15802641866022735
1,Insulin,1,0.9164097,0.1814230635202361
1,Insulin,1,0.9171108,0.20481970838024496
1,Insulin,1,0.91780645,0.2282163532402539
1,Insulin,1,0.91849685,0.2516129981002626
1,Insulin,1,0.9191818,0.2750096429602715
1,Insulin,1,0.91986173,0.29840628782028045
1,Insulin,1,0.9205363,0.32180293268028914
1,Insulin,1,0.9212057,0.3451995775402981
1,Insulin,1,0.92186993,0.3685962224003069
1,Insulin,1,0.9225291,0.3919928672603156
1,Insulin,1,0.92318314,0.41538951212032454
1,Insulin,1,0.9238321,0.4387861569803335
1,Insulin,1,0.92447597,0.4621828018403424
1,Insulin,1,0.9251149,0.4855794467003514
1,Insulin,1,0.9257489,0.5089760915603598
1,Insulin,1,0.92637783,0.5323727364203688
1,Insulin,1,0.927002,0.5557693812803777
1,Insulin,1,0.9276212,0.5791660261403866
1,Insulin,1,0.9282356,0.6025626710003955
1,Insulin,1,0.92884517,0.6259593158604044
1,Insulin,1,0.9294499,0.6493559607204129
1,Insulin,1,0.93004996,0.6727526055804218
1,Insulin,1,0.9306452,0.6961492504404307
1,Insulin,1,0.93123585,0.7195458953004397
1,Insulin,1,0.93182176,0.7429425401604486
1,Insulin,1,0.9324031,0.7663391850204575
1,Insulin,1,0.9329799,0.7897358298804659
1,Insulin,1,0.933552,0.813132474740475
1,Insulin,1,0.9341196,0.8365291196004838
1,Insulin,1,0.93468267,0.8599257644604927
1,Insulin,1,0.93524134,0.8833224093205015
1,Insulin,1,0.9357954,0.9067190541805104
1,Insulin,1,0.9363453,0.930115699040519
1,Insulin,1,0.93689066,0.953512343900528
1,Insulin,1,0.93743163,0.9769089887605368
1,Insulin,1,0.9379683,1.0003056336205458
1,Insulin,1,0.93850064,1.0237022784805547
1,Insulin,1,0.9390288,1.0470989233405634
1,Insulin,1,0.93955266,1.070495568200572
1,Insulin,1,0.9400723,1.093892213060581
1,Insulin,1,0.9405877,1.11728885792059
1,Insulin,1,0.94109905,1.1406855027805989
1,Insulin,1,0.9416062,1.1640821476406078
1,Insulin,1,0.9421093,1.1874787925006167
1,Insulin,1,0.94260824,1.2108754373606254
1,Insulin,1,0.94310325,1.234272082220634
1,Insulin,1,0.9435942,1.257668727080643
1,Insulin,1,0.9440812,1.281065371940652
1,Insulin,1,0.9445642,1.3044620168006609
1,Insulin,1,0.9450433,1.3278586616606696
1,Insulin,1,0.9455184,1.3512553065206783
1,Insulin,1,0.9459898,1.3746519513806874
1,Insulin,1,0.94645715,1.398048596240696
1,Insulin,1,0.9469209,1.421445241100705
1,Insulin,1,0.9473807,1.444841885960714
1,Insulin,1,0.9478368,1.468238530820723
1,Insulin,1,0.9482891,1.4916351756807316
1,Insulin,1,0.94873774,1.51503182054074
1,Insulin,1,0.9491827,1.538428465400749
1,Insulin,1,0.949624,1.561825110260758
1,Insulin,1,0.95006174,1.585221755120767
1,Insulin,1,0.9504958,1.608618399980776
1,Insulin,1,0.95092624,1.6320150448407846
1,Insulin,1,0.9513532,1.6554116897007933
1,Insulin,1,0.9517765,1.6788083345608025
1,Insulin,1,0.9521965,1.7022049794208112
1,Insulin,1,0.9526129,1.7256016242808199
1,Insulin,1,0.9530259,1.7489982691408292
1,Insulin,1,0.9534354,1.7723949140008382
1,Insulin,1,0.9538415,1.7957915588608464
1,Insulin,1,0.95424443,1.8191882037208555
1,Insulin,1,0.95464385,1.842584848580864
1,Insulin,1,0.95504,1.8659814934408727
1,Insulin,1,0.9554328,1.889378138300882
1,Insulin,1,0.9558223,1.9127747831608912
1,Insulin,1,0.95620865,1.9361714280208997
1,Insulin,1,0.9565917,1.9595680728809084
1,Insulin,1,0.9569716,1.982964717740917
1,Insulin,1,0.9573482,2.0063613626009262
1,Insulin,1,0.9577218,2.029758007460935
1,Insulin,1,0.9580922,2.053154652320944
1,Insulin,1,0.9584595,2.0765512971809525
1,Insulin,1,0.95882374,2.099947942040961
1,Insulin,1,0.9591849,2.1233445869009704
1,Insulin,1,0.9595431,2.1467412317609798
1,Insulin,1,0.95989823,2.170137876620988
1,Insulin,1,0.9602504,2.1935345214809967
1,Insulin,1,0.9605995,2.216931166341005
1,Insulin,1,0.9609458,2.2403278112010145
1,Insulin,1,0.96132165,2.2637244560610235
1,Insulin,1,0.96171665,2.287121100921032
1,Insulin,1,0.96210766,2.310517745781041
1,Insulin,1,0.9624949,2.33391439064105
1,Insulin,1,0.9628783,2.3573110355010582
1,Insulin,1,0.96325797,2.380707680361068
1,Insulin,1,0.96363384,2.4041043252210765
1,Insulin,1,0.96400607,2.427500970081085
1,Insulin,1,0.96437454,2.4508976149410944
1,Insulin,1,0.96473944,2.4742942598011033
1,Insulin,1,0.9651008,2.497690904661112
1,Insulin,1,0.96545845,2.5210875495211207
1,Insulin,1,0.96581274,2.5444841943811296
1,Insulin,1,0.96616334,2.567880839241138
1,Insulin,1,0.96651053,2.591277484101147
1,Insulin,1,0.96685433,2.614674128961156
1,Insulin,1,0.9671947,2.6380707738211644
1,Insulin,1,0.9675317,2.661467418681174
1,Insulin,1,0.96786535,2.6848640635411822
1,Insulin,1,0.9681957,2.708260708401192
1,Insulin,1,0.96852267,2.7316573532612005
1,Insulin,1,0.9688465,2.755053998121209
1,Insulin,1,0.96916705,2.7784506429812184
1,Insulin,1,0.9694844,2.8018472878412273
1,Insulin,1,0.96979856,2.8252439327012357
1,Insulin,1,0.97010964,2.848640577561244
1,Insulin,1,0.9704176,2.8720372224212527
1,Insulin,1,0.9707225,2.895433867281262
1,Insulin,1,0.9710243,2.918830512141271
1,Insulin,1,0.97132313,2.94222715700128
1,Insulin,1,0.97161895,2.965623801861289
1,Insulin,1,0.97191185,2.989020446721298
1,Insulin,1,0.97220176,3.012417091581306
1,Insulin,1,0.9724887,3.035813736441316
1,Insulin,1,0.9727729,3.0592103813013245
1,Insulin,1,0.9730541,3.0826070261613334
1,Insulin,1,0.97333264,3.106003671021343
1,Insulin,1,0.97360826,3.1294003158813513
1,Insulin,1,0.9738811,3.1527969607413597
1,Insulin,1,0.9741513,3.176193605601368
1,Insulin,1,0.9744187,3.1995902504613762
1,Insulin,1,0.9746834,3.222986895321386
1,Insulin,1,0.9749454,3.2463835401813945
1,Insulin,1,0.9752049,3.269780185041404
1,Insulin,1,0.9754617,3.2931768299014132
1,Insulin,1,0.9757159,3.3165734747614213
1,Insulin,1,0.9759675,3.33997011962143
1,Insulin,1,0.9762166,3.363366764481439
1,Insulin,1,0.9764631,3.386763409341448
1,Insulin,1,0.9767072,3.4101600542014574
1,Insulin,1,0.9769488,3.433556699061465
1,Insulin,1,0.977188,3.4569533439214744
1,Insulin,1,0.97742474,3.4803499887814837
1,Insulin,1,0.97765905,3.503746633641492
1,Insulin,1,0.97789097,3.5271432785015007
1,Insulin,1,0.9780889,3.55053992336151
1,Insulin,1,0.9781837,3.573936568221519
1,Insulin,1,0.97827804,3.5973332130815283
1,Insulin,1,0.97837204,3.620729857941537
1,Insulin,1,0.9784656,3.6441265028015457
1,Insulin,1,0.9785588,3.667523147661554
1,Insulin,1,0.97865146,3.690919792521564
1,Insulin,1,0.97874385,3.714316437381571
1,Insulin,1,0.9788359,3.737713082241581
1,Insulin,1,0.9789275,3.761109727101589
1,Insulin,1,0.9790187,3.7845063719615992
1,Insulin,1,0.9791095,3.8079030168216073
1,Insulin,1,0.97919995,3.831299661681616
1,Insulin,1,0.97929,3.8546963065416247
1,Insulin,1,0.9793798,3.8780929514016336
1,Insulin,1,0.97946906,3.9014895962616425
1,Insulin,1,0.97955793,3.924886241121652
1,Insulin,1,0.9796465,3.9482828859816608
1,Insulin,1,0.9797346,3.9716795308416697
1,Insulin,1,0.97982246,3.9950761757016777
1,Insulin,1,0.9799098,4.018472820561687
1,Insulin,1,0.9799969,4.041869465421696
1,Insulin,1,0.9800836,4.065266110281705
1,Insulin,1,0.98016995,4.088662755141714
1,Insulin,1,0.98025584,4.112059400001723
1,Insulin,1,0.98034143,4.135456044861732
1,Insulin,1,0.98042667,4.158852689721741
1,Insulin,1,0.9805115,4.1822493345817495
1,Insulin,1,0.98059595,4.205645979441758
1,Insulin,1,0.9806801,4.229042624301767
1,Insulin,1,0.9807639,4.252439269161776
1,BMI,1,0.72781295,-1.94026189983948
1,BMI,1,0.7322113,-1.9229496282720764
1,BMI,1,0.73656434,-1.905637356704672
1,BMI,1,0.7408716,-1.8883250851372688
1,BMI,1,0.7448592,-1.8710128135698647
1,BMI,1,0.7486942,-1.8537005420024617
1,BMI,1,0.7524908,-1.8363882704350587
1,BMI,1,0.7562486,-1.8190759988676544
1,BMI,1,0.75996757,-1.8017637273002511
1,BMI,1,0.7636476,-1.7844514557328475
1,BMI,1,0.7668912,-1.7671391841654438
1,BMI,1,0.7697557,-1.7498269125980404
1,BMI,1,0.77259547,-1.732514641030637
1,BMI,1,0.7754104,-1.7152023694632332
1,BMI,1,0.7782005,-1.6978900978958298
1,BMI,1,0.7809657,-1.6805778263284261
1,BMI,1,0.78370607,-1.663265554761023
1,BMI,1,0.7864215,-1.6459532831936192
1,BMI,1,0.789112,-1.6286410116262156
1,BMI,1,0.7917776,-1.611328740058812
1,BMI,1,0.7944183,-1.5940164684914087
1,BMI,1,0.797034,-1.5767041969240048
1,BMI,1,0.7996248,-1.5593919253566015
1,BMI,1,0.8021909,-1.542079653789198
1,BMI,1,0.8047321,-1.5247673822217946
1,BMI,1,0.8072485,-1.5074551106543908
1,BMI,1,0.8097401,-1.4901428390869875
1,BMI,1,0.8122069,-1.4728305675195839
1,BMI,1,0.8146493,-1.4555182959521797
1,BMI,1,0.8170668,-1.4382060243847767
1,BMI,1,0.8194599,-1.4208937528173733
1,BMI,1,0.8218285,-1.4035814812499696
1,BMI,1,0.8233466,-1.3862692096825662
1,BMI,1,0.8246304,-1.3689569381151627
1,BMI,1,0.82590675,-1.3516446665477593
1,BMI,1,0.827176,-1.3343323949803556
1,BMI,1,0.8284376,-1.317020123412952
1,BMI,1,0.82969207,-1.2997078518455485
1,BMI,1,0.83093923,-1.2823955802781448
1,BMI,1,0.832179,-1.265083308710741
1,BMI,1,0.83341163,-1.247771037143338
1,BMI,1,0.83463687,-1.2304587655759343
1,BMI,1,0.835855,-1.213146494008531
1,BMI,1,0.8370658,-1.1958342224411271
1,BMI,1,0.8382695,-1.1785219508737235
1,BMI,1,0.839466,-1.1612096793063198
1,BMI,1,0.84065527,-1.143897407738917
1,BMI,1,0.84183735,-1.1265851361715133
1,BMI,1,0.8430124,-1.1092728646041095
1,BMI,1,0.84418035,-1.091960593036706
1,BMI,1,0.8453412,-1.0746483214693023
1,BMI,1,0.84649485,-1.0573360499018989
1,BMI,1,0.8476415,-1.0400237783344954
1,BMI,1,0.84878117,-1.0227115067670922
1,BMI,1,0.8499138,-1.0053992351996883
1,BMI,1,0.8510394,-0.988086963632285
1,BMI,1,0.8521581,-0.9707746920648812
1,BMI,1,0.8532698,-0.9534624204974776
1,BMI,1,0.85437465,-0.9361501489300738
1,BMI,1,0.85547245,-0.9188378773626706
1,BMI,1,0.8565634,-0.9015256057952674
1,BMI,1,0.8576476,-0.8842133342278636
1,BMI,1,0.85872483,-0.86690106266046
1,BMI,1,0.8597953,-0.8495887910930563
1,BMI,1,0.8608589,-0.832276519525653
1,BMI,1,0.86191577,-0.8149642479582495
1,BMI,1,0.86296594,-0.7976519763908457
1,BMI,1,0.8640093,-0.7803397048234424
1,BMI,1,0.8650461,-0.7630274332560387
1,BMI,1,0.8660761,-0.745715161688635
1,BMI,1,0.86709946,-0.7284028901212319
1,BMI,1,0.86811614,-0.711090618553828
1,BMI,1,0.8691263,-0.6937783469864247
1,BMI,1,0.8701299,-0.6764660754190209
1,BMI,1,0.8711269,-0.6591538038516175
1,BMI,1,0.87211734,-0.641841532284214
1,BMI,1,0.8731013,-0.6245292607168105
1,BMI,1,0.8740788,-0.607216989149407
1,BMI,1,0.8750499,-0.5899047175820032
1,BMI,1,0.87601453,-0.5725924460146
1,BMI,1,0.8769726,-0.5552801744471965
1,BMI,1,0.8779245,-0.5379679028797928
1,BMI,1,0.87886995,-0.5206556313123892
1,BMI,1,0.87980926,-0.5033433597449857
1,BMI,1,0.880742,-0.4860310881775822
1,BMI,1,0.8816686,-0.4687188166101786
1,BMI,1,0.88258904,-0.4514065450427751
1,BMI,1,0.88350326,-0.43409427347537166
1,BMI,1,0.88441116,-0.416782001907968
1,BMI,1,0.885313,-0.3994697303405645
1,BMI,1,0.8862087,-0.3821574587731609
1,BMI,1,0.88709825,-0.3648451872057574
1,BMI,1,0.8879817,-0.347532915638354
1,BMI,1,0.8888592,-0.33022064407095036
1,BMI,1,0.88973063,-0.3129083725035469
1,BMI,1,0.89059615,-0.29559610093614325
1,BMI,1,0.8914556,-0.27828382936873974
1,BMI,1,0.8923091,-0.26097155780133624
1,BMI,1,0.89315677,-0.24365928623393265
1,BMI,1,0.8939985,-0.2263470146665292
1,BMI,1,0.89483446,-0.2090347430991255
1,BMI,1,0.8956646,-0.1917224715317221
1,BMI,1,0.8964889,-0.1744101999643186
1,BMI,1,0.89730734,-0.15709792839691494
1,BMI,1,0.8981202,-0.13978565682951147
1,BMI,1,0.89892733,-0.12247338526210783
1,BMI,1,0.8997287,-0.10516111369470435
1,BMI,1,0.9005244,-0.08784884212730093
1,BMI,1,0.9013145,-0.07053657055989727
1,BMI,1,0.90209913,-0.05322429899249381
1,BMI,1,0.9028781,-0.03591202742509014
1,BMI,1,0.90365154,-0.01859975585768669
1,BMI,1,0.9044195,-0.0012874842902830255
1,BMI,1,0.9051818,0.016024787277120423
1,BMI,1,0.90593886,0.03333705884452388
1,BMI,1,0.9066905,0.05064933041192755
1,BMI,1,0.9074366,0.06796160197933121
1,BMI,1,0.90817744,0.08527387354673444
1,BMI,1,0.908913,0.1025861451141381
1,BMI,1,0.9096431,0.11989841668154175
1,BMI,1,0.910368,0.137210688248945
1,BMI,1,0.91108775,0.15452295981634867
1,BMI,1,0.9118022,0.17183523138375234
1,BMI,1,0.9125114,0.18914750295115557
1,BMI,1,0.9132155,0.20645977451855924
1,BMI,1,0.9139145,0.22377204608596288
1,BMI,1,0.9146083,0.2410843176533666
1,BMI,1,0.9152971,0.2583965892207698
1,BMI,1,0.9159809,0.27570886078817347
1,BMI,1,0.91665965,0.29302113235557714
1,BMI,1,0.91733325,0.3103334039229804
1,BMI,1,0.918002,0.32764567549038404
1,BMI,1,0.91866595,0.34495794705778765
1,BMI,1,0.9193249,0.3622702186251914
1,BMI,1,0.9199789,0.37958249019259455
1,BMI,1,0.92062813,0.3968947617599983
1,BMI,1,0.9212726,0.4142070333274019
1,BMI,1,0.9219122,0.4315193048948052
1,BMI,1,0.9225471,0.4488315764622087
1,BMI,1,0.9231772,0.4661438480296124
1,BMI,1,0.9238026,0.4834561195970157
1,BMI,1,0.9244234,0.5007683911644193
1,BMI,1,0.9250395,0.5180806627318231
1,BMI,1,0.92565095,0.5353929342992269
1,BMI,1,0.92625785,0.55270520586663
1,BMI,1,0.92686015,0.5700174774340335
1,BMI,1,0.927458,0.5873297490014373
1,BMI,1,0.92805123,0.6046420205688404
1,BMI,1,0.92864007,0.6219542921362442
1,BMI,1,0.92922443,0.6392665637036479
1,BMI,1,0.9298044,0.6565788352710511
1,BMI,1,0.93037987,0.6738911068384548
1,BMI,1,0.93095106,0.6912033784058584
1,BMI,1,0.93151796,0.7085156499732621
1,BMI,1,0.9320804,0.7258279215406653
1,BMI,1,0.93263865,0.743140193108069
1,BMI,1,0.9331927,0.7604524646754726
1,BMI,1,0.9337424,0.777764736242876
1,BMI,1,0.93428797,0.7950770078102796
1,BMI,1,0.93482924,0.8123892793776832
1,BMI,1,0.9353665,0.8297015509450865
1,BMI,1,0.93589956,0.8470138225124901
1,BMI,1,0.9364285,0.8643260940798938
1,BMI,1,0.9369535,0.8816383656472974
1,BMI,1,0.9374743,0.8989506372147008
1,BMI,1,0.9379912,0.9162629087821044
1,BMI,1,0.93850404,0.933575180349508
1,BMI,1,0.9390129,0.9508874519169112
1,BMI,1,0.93951786,0.9681997234843148
1,BMI,1,0.94001883,0.9855119950517184
1,BMI,1,0.940516,1.0028242666191223
1,BMI,1,0.94100934,1.0201365381865255
1,BMI,1,0.94149876,1.0374488097539292
1,BMI,1,0.9419845,1.0547610813213328
1,BMI,1,0.9424663,1.072073352888736
1,BMI,1,0.9429444,1.0893856244561395
1,BMI,1,0.94341874,1.1066978960235432
1,BMI,1,0.9438894,1.1240101675909466
1,BMI,1,0.9443564,1.1413224391583503
1,BMI,1,0.9448197,1.1586347107257537
1,BMI,1,0.9452793,1.1759469822931576
1,BMI,1,0.94573545,1.1932592538605609
1,BMI,1,0.94618785,1.2105715254279643
1,BMI,1,0.9466368,1.2278837969953682
1,BMI,1,0.94708216,1.2451960685627714
1,BMI,1,0.9475241,1.262508340130175
1,BMI,1,0.94796246,1.279820611697579
1,BMI,1,0.94833165,1.2971328832649822
1,BMI,1,0.9486576,1.3144451548323857
1,BMI,1,0.94898146,1.331757426399789
1,BMI,1,0.94930345,1.349069697967193
1,BMI,1,0.94962347,1.366381969534596
1,BMI,1,0.9499416,1.3836942411020001
1,BMI,1,0.95025784,1.4010065126694036
1,BMI,1,0.95057213,1.418318784236807
1,BMI,1,0.9508845,1.4356310558042105
1,BMI,1,0.9511951,1.4529433273716141
1,BMI,1,0.9515038,1.470255598939018
1,BMI,1,0.95181066,1.4875678705064213
1,BMI,1,0.9521156,1.5048801420738247
1,BMI,1,0.95241886,1.5221924136412286
1,BMI,1,0.9527202,1.5395046852086318
1,BMI,1,0.9530197,1.5568169567760355
1,BMI,1,0.9533174,1.5741292283434387
1,BMI,1,0.9536134,1.5914414999108417
1,BMI,1,0.9539076,1.6087537714782458
1,BMI,1,0.9541999,1.6260660430456495
1,BMI,1,0.9544904,1.6433783146130532
1,BMI,1,0.9547793,1.6606905861804564
1,BMI,1,0.9550665,1.67800285774786
1,BMI,1,0.9553518,1.6953151293152637
1,BMI,1,0.9556354,1.712627400882667
1,BMI,1,0.95591736,1.7299396724500709
1,BMI,1,0.9561976,1.7472519440174745
1,BMI,1,0.9564761,1.7645642155848775
1,BMI,1,0.95675296,1.7818764871522814
1,BMI,1,0.95702803,1.7991887587196849
1,BMI,1,0.9573015,1.8165010302870883
1,BMI,1,0.95757335,1.833813301854492
1,BMI,1,0.9578434,1.8511255734218957
1,BMI,1,0.958112,1.868437844989299
1,BMI,1,0.9583789,1.8857501165567023
1,BMI,1,0.95864403,1.9030623881241056
1,BMI,1,0.9589077,1.9203746596915097
1,BMI,1,0.95916975,1.9376869312589131
1,BMI,1,0.9594301,1.9549992028263163
1,BMI,1,0.9596889,1.97231147439372
1,BMI,1,0.9599462,1.989623745961124
1,BMI,1,0.9602019,2.006936017528527
1,BMI,1,0.96045595,2.024248289095931
1,BMI,1,0.9607085,2.0415605606633345
1,BMI,1,0.96095955,2.0588728322307377
1,BMI,1,0.96120894,2.076185103798142
1,BMI,1,0.96145695,2.0934973753655446
1,BMI,1,0.9617033,2.110809646932948
1,BMI,1,0.9619482,2.128121918500352
1,BMI,1,0.96219164,2.1454341900677556
1,BMI,1,0.9624335,2.1627464616351593
1,BMI,1,0.96267396,2.180058733202563
1,BMI,1,0.96291286,2.1973710047699666
1,BMI,1,0.9631503,2.2146832763373694
1,BMI,1,0.9633863,2.2319955479047726
1,BMI,1,0.9636208,2.2493078194721767
1,BMI,1,0.96385396,2.2666200910395804
1,BMI,1,0.9640856,2.283932362606984
1,BMI,1,0.9643158,2.3012446341743877
1,BMI,1,0.96454465,2.3185569057417905
1,BMI,1,0.96477205,2.3358691773091937
1,BMI,1,0.964998,2.3531814488765974
1,BMI,1,0.96522266,2.370493720444001
1,DiabF,1,0.9238311,-1.1347419607655607
1,DiabF,1,0.92379326,-1.1155316248257776
1,DiabF,1,0.9237554,-1.0963212888859943
1,DiabF,1,0.92371756,-1.0771109529462115
1,DiabF,1,0.92367965,-1.0579006170064287
1,DiabF,1,0.9236417,-1.0386902810666456
1,DiabF,1,0.92360383,-1.0194799451268624
1,DiabF,1,0.9236384,-1.0002696091870795
1,DiabF,1,0.92377037,-0.9810592732472962
1,DiabF,1,0.92390203,-0.9618489373075136
1,DiabF,1,0.9240335,-0.9426386013677306
1,DiabF,1,0.9241647,-0.9234282654279476
1,DiabF,1,0.9242958,-0.9042179294881644
1,DiabF,1,0.92442656,-0.8850075935483814
1,DiabF,1,0.92455715,-0.8657972576085985
1,DiabF,1,0.9246876,-0.8465869216688156
1,DiabF,1,0.9248179,-0.8273765857290324
1,DiabF,1,0.9249479,-0.8081662497892494
1,DiabF,1,0.9250777,-0.7889559138494666
1,DiabF,1,0.92520726,-0.7697455779096833
1,DiabF,1,0.92533666,-0.7505352419699005
1,DiabF,1,0.9254658,-0.7313249060301173
1,DiabF,1,0.92559475,-0.7121145700903345
1,DiabF,1,0.92572355,-0.6929042341505512
1,DiabF,1,0.9258521,-0.6736938982107684
1,DiabF,1,0.92598045,-0.6544835622709855
1,DiabF,1,0.92610866,-0.6352732263312024
1,DiabF,1,0.92623657,-0.6160628903914194
1,DiabF,1,0.92636436,-0.5968525544516364
1,DiabF,1,0.9264919,-0.5776422185118533
1,DiabF,1,0.92661923,-0.5584318825720703
1,DiabF,1,0.92674637,-0.5392215466322874
1,DiabF,1,0.9268734,-0.5200112106925044
1,DiabF,1,0.92700005,-0.5008008747527213
1,DiabF,1,0.9271266,-0.4815905388129384
1,DiabF,1,0.92725295,-0.4623802028731553
1,DiabF,1,0.927379,-0.4431698669333723
1,DiabF,1,0.92750496,-0.42395953099358924
1,DiabF,1,0.9276307,-0.4047491950538062
1,DiabF,1,0.92775625,-0.3855388591140233
1,DiabF,1,0.9278816,-0.36632852317424025
1,DiabF,1,0.9280067,-0.3471181872344572
1,DiabF,1,0.92813164,-0.32790785129467426
1,DiabF,1,0.92825633,-0.3086975153548912
1,DiabF,1,0.92819566,-0.2894871794151081
1,DiabF,1,0.928113,-0.2702768434753252
1,DiabF,1,0.9280302,-0.2510665075355422
1,DiabF,1,0.92794734,-0.2318561715957592
1,DiabF,1,0.92786443,-0.21264583565597614
1,DiabF,1,0.9277814,-0.19343549971619312
1,DiabF,1,0.9276983,-0.17422516377641017
1,DiabF,1,0.9276151,-0.15501482783662712
1,DiabF,1,0.92753184,-0.1358044918968442
1,DiabF,1,0.92744845,-0.11659415595706114
1,DiabF,1,0.927365,-0.09738382001727808
1,DiabF,1,0.92728144,-0.07817348407749503
1,DiabF,1,0.9271978,-0.058963148137711974
1,DiabF,1,0.92711407,-0.03975281219792914
1,DiabF,1,0.92703027,-0.02054247625814609
1,DiabF,1,0.9269464,-0.0013321403183630396
1,DiabF,1,0.9268624,0.017878195621420012
1,DiabF,1,0.9267783,0.03708853156120306
1,DiabF,1,0.92669415,0.05629886750098589
1,DiabF,1,0.92660993,0.07550920344076893
1,DiabF,1,0.9265256,0.09471953938055201
1,DiabF,1,0.9264412,0.11392987532033505
1,DiabF,1,0.9263567,0.1331402112601181
1,DiabF,1,0.926272,0.15235054719990093
1,DiabF,1,0.9261873,0.17156088313968398
1,DiabF,1,0.9261025,0.19077121907946706
1,DiabF,1,0.9260177,0.2099815550192501
1,DiabF,1,0.92593277,0.22919189095903314
1,DiabF,1,0.9258476,0.248402226898816
1,DiabF,1,0.9257625,0.2676125628385991
1,DiabF,1,0.9256772,0.2868228987783821
1,DiabF,1,0.9255919,0.3060332347181651
1,DiabF,1,0.92550653,0.3252435706579481
1,DiabF,1,0.925421,0.3444539065977312
1,DiabF,1,0.92533535,0.3636642425375141
1,DiabF,1,0.9252497,0.38287457847729717
1,DiabF,1,0.92516387,0.4020849144170802
1,DiabF,1,0.9250781,0.42129525035686327
1,DiabF,1,0.9249921,0.4405055862966463
1,DiabF,1,0.924906,0.4597159222364291
1,DiabF,1,0.9248198,0.4789262581762122
1,DiabF,1,0.9247337,0.4981365941159953
1,DiabF,1,0.9246473,0.5173469300557783
1,DiabF,1,0.92456096,0.5365572659955613
1,DiabF,1,0.92447436,0.5557676019353444
1,DiabF,1,0.92438775,0.5749779378751272
1,DiabF,1,0.9243011,0.5941882738149102
1,DiabF,1,0.9242143,0.6133986097546932
1,DiabF,1,0.92412746,0.6326089456944763
1,DiabF,1,0.9240405,0.6518192816342593
1,DiabF,1,0.9239534,0.6710296175740422
1,DiabF,1,0.9238663,0.6902399535138253
1,DiabF,1,0.923779,0.7094502894536083
1,DiabF,1,0.92369175,0.7286606253933914
1,DiabF,1,0.92360425,0.7478709613331744
1,DiabF,1,0.9235168,0.7670812972729572
1,DiabF,1,0.9234292,0.7862916332127404
1,DiabF,1,0.92334145,0.8055019691525234
1,DiabF,1,0.92325366,0.8247123050923064
1,DiabF,1,0.9231658,0.8439226410320895
1,DiabF,1,0.9230778,0.8631329769718723
1,DiabF,1,0.9229897,0.8823433129116556
1,DiabF,1,0.92290163,0.9015536488514384
1,DiabF,1,0.92281336,0.9207639847912212
1,DiabF,1,0.9227251,0.9399743207310046
1,DiabF,1,0.92263657,0.9591846566707872
1,DiabF,1,0.9225481,0.9783949926105704
1,DiabF,1,0.9224594,0.9976053285503532
1,DiabF,1,0.9223707,1.0168156644901367
1,DiabF,1,0.9222819,1.0360260004299198
1,DiabF,1,0.922193,1.0552363363697024
1,DiabF,1,0.922104,1.0744466723094857
1,DiabF,1,0.92201495,1.0936570082492685
1,DiabF,1,0.9219258,1.1128673441890515
1,DiabF,1,0.9218365,1.1320776801288346
1,DiabF,1,0.9217471,1.1512880160686174
1,DiabF,1,0.9216576,1.1704983520084007
1,DiabF,1,0.92156816,1.1897086879481835
1,DiabF,1,0.92147845,1.208919023887967
1,DiabF,1,0.9213887,1.2281293598277496
1,DiabF,1,0.9212989,1.2473396957675327
1,DiabF,1,0.921209,1.2665500317073155
1,DiabF,1,0.9211189,1.2857603676470983
1,DiabF,1,0.9210288,1.3049707035868818
1,DiabF,1,0.9209386,1.3241810395266649
1,DiabF,1,0.92084837,1.3433913754664475
1,DiabF,1,0.9207579,1.3626017114062308
1,DiabF,1,0.92066747,1.3818120473460136
1,DiabF,1,0.9205768,1.4010223832857969
1,DiabF,1,0.9204861,1.4202327192255797
1,DiabF,1,0.9203953,1.4394430551653623
1,DiabF,1,0.9203044,1.4586533911051458
1,DiabF,1,0.9202136,1.4778637270449286
1,DiabF,1,0.92012244,1.497074062984712
1,DiabF,1,0.9200313,1.5162843989244947
1,DiabF,1,0.9199401,1.5354947348642778
1,DiabF,1,0.9198487,1.5547050708040606
1,DiabF,1,0.91975725,1.5739154067438437
1,DiabF,1,0.91966575,1.593125742683627
1,DiabF,1,0.91957414,1.6123360786234096
1,DiabF,1,0.9194824,1.6315464145631926
1,DiabF,1,0.9193906,1.6507567505029759
1,DiabF,1,0.9192986,1.6699670864427587
1,DiabF,1,0.9192066,1.689177422382542
1,DiabF,1,0.9191145,1.7083877583223248
1,DiabF,1,0.9190223,1.7275980942621083
1,DiabF,1,0.91893,1.7468084302018907
1,DiabF,1,0.9188376,1.7660187661416733
1,DiabF,1,0.91874516,1.7852291020814568
1,DiabF,1,0.9186525,1.80443943802124
1,DiabF,1,0.91855985,1.8236497739610236
1,DiabF,1,0.9184671,1.8428601099008055
1,DiabF,1,0.9183742,1.8620704458405888
1,DiabF,1,0.9182812,1.881280781780372
1,DiabF,1,0.9181881,1.9004911177201549
1,DiabF,1,0.918095,1.9197014536599375
1,DiabF,1,0.9180017,1.9389117895997208
1,DiabF,1,0.9179083,1.958122125539504
1,DiabF,1,0.9178149,1.977332461479287
1,DiabF,1,0.91772133,1.9965427974190697
1,DiabF,1,0.9176277,2.015753133358853
1,DiabF,1,0.91753393,2.0349634692986363
1,DiabF,1,0.91736364,2.054173805238418
1,DiabF,1,0.9171618,2.073384141178202
1,DiabF,1,0.9169595,2.0925944771179847
1,DiabF,1,0.9167568,2.111804813057768
1,DiabF,1,0.9165537,2.1310151489975504
1,DiabF,1,0.91635,2.1502254849373337
1,DiabF,1,0.916146,2.1694358208771174
1,DiabF,1,0.9159414,2.1886461568169
1,DiabF,1,0.91573644,2.207856492756683
1,DiabF,1,0.9155309,2.2270668286964654
1,DiabF,1,0.91532505,2.2462771646362496
1,DiabF,1,0.91511863,2.2654875005760324
1,DiabF,1,0.9149119,2.284697836515815
1,DiabF,1,0.9147046,2.303908172455598
1,DiabF,1,0.9144969,2.323118508395381
1,DiabF,1,0.9142887,2.3423288443351646
1,DiabF,1,0.9140801,2.3615391802749475
1,DiabF,1,0.913871,2.3807495162147303
1,DiabF,1,0.9136614,2.3999598521545122
1,DiabF,1,0.91345143,2.419170188094296
1,DiabF,1,0.9132409,2.4383805240340797
1,DiabF,1,0.91302997,2.4575908599738625
1,DiabF,1,0.91281855,2.4768011959136453
1,DiabF,1,0.9126066,2.4960115318534277
1,DiabF,1,0.9123943,2.515221867793211
1,DiabF,1,0.9121815,2.534432203732995
1,DiabF,1,0.9119682,2.553642539672777
1,DiabF,1,0.9117545,2.5728528756125604
1,DiabF,1,0.91154027,2.592063211552343
1,DiabF,1,0.9113256,2.6112735474921265
1,DiabF,1,0.9111104,2.63048388343191
1,DiabF,1,0.9108948,2.6496942193716926
1,DiabF,1,0.91067874,2.6689045553114754
1,DiabF,1,0.9104621,2.6881148912512582
1,DiabF,1,0.91024506,2.70732522719104
1,DiabF,1,0.9100276,2.726535563130825
1,DiabF,1,0.9098096,2.745745899070608
1,DiabF,1,0.90959114,2.7649562350103905
1,DiabF,1,0.90937215,2.784166570950173
1,DiabF,1,0.90915275,2.803376906889956
1,DiabF,1,0.90893286,2.82258724282974
1,DiabF,1,0.90871245,2.8417975787695227
1,DiabF,1,0.9084916,2.861007914709305
1,DiabF,1,0.90827024,2.8802182506490883
1,DiabF,1,0.90804845,2.8994285865888716
1,DiabF,1,0.9078262,2.918638922528655
1,DiabF,1,0.9076034,2.937849258468438
1,DiabF,1,0.90738004,2.95705959440822
1,DiabF,1,0.90715635,2.976269930348004
1,DiabF,1,0.9069321,2.9954802662877875
1,DiabF,1,0.90670735,3.0146906022275695
1,DiabF,1,0.9064822,3.0339009381673527
1,DiabF,1,0.90625644,3.0531112741071356
1,DiabF,1,0.90603036,3.072321610046919
1,DiabF,1,0.9058037,3.0915319459867026
1,DiabF,1,0.9055764,3.1107422819264845
1,DiabF,1,0.9053488,3.129952617866268
1,DiabF,1,0.90512073,3.1491629538060506
1,DiabF,1,0.904892,3.168373289745834
1,DiabF,1,0.9046629,3.1875836256856167
1,DiabF,1,0.9044333,3.2067939616254004
1,DiabF,1,0.9042031,3.226004297565183
1,DiabF,1,0.9039725,3.2452146335049656
1,DiabF,1,0.90374136,3.2644249694447494
1,DiabF,1,0.9035098,3.283635305384532
1,DiabF,1,0.9032777,3.302845641324315
1,DiabF,1,0.9030451,3.3220559772640974
1,DiabF,1,0.902812,3.3412663132038807
1,DiabF,1,0.9025784,3.360476649143665
1,DiabF,1,0.90234435,3.3796869850834472
1,DiabF,1,0.9021097,3.39889732102323
1,DiabF,1,0.9018746,3.4181076569630133
1,DiabF,1,0.9016389,3.4373179929027966
1,DiabF,1,0.90140283,3.45652832884258
1,DiabF,1,0.90116626,3.475738664782362
1,DiabF,1,0.90092915,3.4949490007221446
1,DiabF,1,0.90069145,3.514159336661928
1,DiabF,1,0.9004533,3.5333696726017103
1,DiabF,1,0.9002147,3.5525800085414945
1,DiabF,1,0.89997554,3.5717903444812777
1,DiabF,1,0.89973587,3.5910006804210597
1,DiabF,1,0.8994957,3.6102110163608425
1,DiabF,1,0.89925504,3.629421352300626
1,DiabF,1,0.8990138,3.6486316882404095
1,Age,1,0.87214935,-1.0250300240168104
1,Age,1,0.8732386,-1.0093830649007665
1,Age,1,0.87432,-0.9937361057847224
1,Age,1,0.8753935,-0.9780891466686784
1,Age,1,0.8764591,-0.9624421875526344
1,Age,1,0.8775168,-0.9467952284365903
1,Age,1,0.87856674,-0.9311482693205464
1,Age,1,0.8796089,-0.9155013102045022
1,Age,1,0.8806435,-0.8998543510884582
1,Age,1,0.88167024,-0.884207391972414
1,Age,1,0.88268924,-0.8685604328563699
1,Age,1,0.8837007,-0.8529134737403261
1,Age,1,0.8847046,-0.8372665146242819
1,Age,1,0.885701,-0.8216195555082381
1,Age,1,0.88668984,-0.8059725963921939
1,Age,1,0.8876712,-0.79032563727615
1,Age,1,0.8886452,-0.774678678160106
1,Age,1,0.8896117,-0.7590317190440617
1,Age,1,0.89057094,-0.7433847599280179
1,Age,1,0.89152277,-0.7277378008119739
1,Age,1,0.8924674,-0.7120908416959297
1,Age,1,0.8934048,-0.6964438825798858
1,Age,1,0.894335,-0.6807969234638418
1,Age,1,0.89525795,-0.6651499643477976
1,Age,1,0.8961738,-0.6495030052317536
1,Age,1,0.8970825,-0.6338560461157097
1,Age,1,0.89798427,-0.6182090869996657
1,Age,1,0.89887905,-0.6025621278836216
1,Age,1,0.89976674,-0.5869151687675777
1,Age,1,0.90064216,-0.5712682096515336
1,Age,1,0.9013548,-0.5556212505354895
1,Age,1,0.90206283,-0.5399742914194454
1,Age,1,0.90276635,-0.5243273323034014
1,Age,1,0.90346533,-0.5086803731873574
1,Age,1,0.90415984,-0.4930334140713134
1,Age,1,0.90476924,-0.4773864549552692
1,Age,1,0.9053144,-0.4617394958392253
1,Age,1,0.90585667,-0.4460925367231813
1,Age,1,0.9063962,-0.4304455776071373
1,Age,1,0.9069329,-0.4147986184910932
1,Age,1,0.90746695,-0.3991516593750493
1,Age,1,0.9080475,-0.3835047002590052
1,Age,1,0.90864885,-0.36785774114296116
1,Age,1,0.9092467,-0.3522107820269172
1,Age,1,0.90984106,-0.336563822910873
1,Age,1,0.91043186,-0.32091686379482903
1,Age,1,0.91101915,-0.305269904678785
1,Age,1,0.911603,-0.28962294556274104
1,Age,1,0.9121834,-0.27397598644669696
1,Age,1,0.91276026,-0.2583290273306528
1,Age,1,0.9133338,-0.2426820682146089
1,Age,1,0.91390383,-0.22703510909856486
1,Age,1,0.9144705,-0.2113881499825209
1,Age,1,0.9150338,-0.1957411908664768
1,Age,1,0.9155938,-0.18009423175043282
1,Age,1,0.91615033,-0.1644472726343887
1,Age,1,0.9167036,-0.14880031351834466
1,Age,1,0.9172535,-0.13315335440230067
1,Age,1,0.9178001,-0.1175063952862566
1,Age,1,0.9183434,-0.10185943617021263
1,Age,1,0.9188835,-0.08621247705416857
1,Age,1,0.9194203,-0.0705655179381246
1,Age,1,0.9199538,-0.05491855882208053
1,Age,1,0.9204842,-0.03927159970603655
1,Age,1,0.9210113,-0.023624640589992477
1,Age,1,0.921504,-0.007977681473948506
1,Age,1,0.9215469,0.0076692776420956826
1,Age,1,0.9215897,0.023316236758139645
1,Age,1,0.9216325,0.03896319587418362
1,Age,1,0.92167526,0.05461015499022759
1,Age,1,0.921718,0.07025711410627176
1,Age,1,0.92176074,0.08590407322231575
1,Age,1,0.9218035,0.10155103233835971
1,Age,1,0.92184615,0.1171979914544039
1,Age,1,0.9218889,0.13284495057044787
1,Age,1,0.92193145,0.14849190968649184
1,Age,1,0.92197406,0.1641388688025358
1,Age,1,0.92201674,0.17978582791858
1,Age,1,0.9220593,0.195432787034624
1,Age,1,0.9221019,0.21107974615066796
1,Age,1,0.92214435,0.22672670526671196
1,Age,1,0.9221869,0.2423736643827561
1,Age,1,0.9222294,0.25802062349880006
1,Age,1,0.9222719,0.273667582614844
1,Age,1,0.9223143,0.2893145417308882
1,Age,1,0.9223568,0.30496150084693213
1,Age,1,0.92239916,0.32060845996297616
1,Age,1,0.92244154,0.3362554190790201
1,Age,1,0.922484,0.3519023781950643
1,Age,1,0.9225263,0.3675493373111082
1,Age,1,0.92256856,0.38319629642715214
1,Age,1,0.9226109,0.3988432555431964
1,Age,1,0.9226532,0.4144902146592404
1,Age,1,0.92269546,0.4301371737752844
1,Age,1,0.9227378,0.4457841328913283
1,Age,1,0.92278,0.4614310920073725
1,Age,1,0.9228221,0.4770780511234164
1,Age,1,0.9228643,0.4927250102394605
1,Age,1,0.92290646,0.5083719693555048
1,Age,1,0.9229486,0.5240189284715487
1,Age,1,0.9229907,0.5396658875875926
1,Age,1,0.9230328,0.5553128467036366
1,Age,1,0.92307484,0.5709598058196808
1,Age,1,0.92311704,0.5866067649357247
1,Age,1,0.92315894,0.6022537240517687
1,Age,1,0.923201,0.6179006831678129
1,Age,1,0.923243,0.6335476422838568
1,Age,1,0.92328495,0.6491946013999008
1,Age,1,0.9233269,0.6648415605159448
1,Age,1,0.9233688,0.680488519631989
1,Age,1,0.9234108,0.696135478748033
1,Age,1,0.9234527,0.7117824378640769
1,Age,1,0.92349446,0.7274293969801211
1,Age,1,0.92353636,0.743076356096165
1,Age,1,0.92357814,0.7587233152122089
1,Age,1,0.9236199,0.7743702743282529
1,Age,1,0.9236617,0.7900172334442972
1,Age,1,0.92370355,0.805664192560341
1,Age,1,0.9237452,0.8213111516763852
1,Age,1,0.92378694,0.8369581107924291
1,Age,1,0.92382866,0.8526050699084733
1,Age,1,0.92387027,0.8682520290245171
1,Age,1,0.923912,0.8838989881405613
1,Age,1,0.9239536,0.8995459472566054
1,Age,1,0.9239952,0.9151929063726492
1,Age,1,0.92403686,0.930839865488693
1,Age,1,0.9240784,0.9464868246047372
1,Age,1,0.9241199,0.9621337837207816
1,Age,1,0.92416143,0.9777807428368254
1,Age,1,0.924203,0.9934277019528696
1,Age,1,0.92424446,1.0090746610689134
1,Age,1,0.9242859,1.0247216201849576
1,Age,1,0.9243273,1.0403685793010018
1,Age,1,0.9243688,1.0560155384170455
1,Age,1,0.92441016,1.0716624975330895
1,Age,1,0.92445153,1.0873094566491335
1,Age,1,0.92449296,1.1029564157651777
1,Age,1,0.92453426,1.1186033748812219
1,Age,1,0.9245756,1.1342503339972656
1,Age,1,0.9246169,1.1498972931133096
1,Age,1,0.9246582,1.165544252229354
1,Age,1,0.9246994,1.1811912113453975
1,Age,1,0.9247406,1.196838170461442
1,Age,1,0.9247819,1.212485129577486
1,Age,1,0.9248231,1.2281320886935299
1,Age,1,0.9248643,1.2437790478095743
1,Age,1,0.9249054,1.2594260069256182
1,Age,1,0.9249465,1.275072966041662
1,Age,1,0.9249877,1.290719925157706
1,Age,1,0.9250288,1.30636688427375
1,Age,1,0.9250698,1.3220138433897939
1,Age,1,0.9251108,1.3376608025058383
1,Age,1,0.92515194,1.3533077616218818
1,Age,1,0.92519295,1.3689547207379262
1,Age,1,0.9252339,1.3846016798539704
1,Age,1,0.9252749,1.4002486389700142
1,Age,1,0.92531586,1.4158955980860584
1,Age,1,0.92535675,1.431542557202102
1,Age,1,0.9253977,1.4471895163181463
1,Age,1,0.9254385,1.4628364754341905
1,Age,1,0.92547935,1.4784834345502342
1,Age,1,0.92552024,1.4941303936662784
1,Age,1,0.9255611,1.5097773527823226
1,Age,1,0.9256019,1.5254243118983664
1,Age,1,0.92564267,1.54107127101441
1,Age,1,0.92568344,1.5567182301304547
1,Age,1,0.9257242,1.5723651892464987
1,Age,1,0.92576486,1.5880121483625427
1,Age,1,0.9258056,1.6036591074785869
1,Age,1,0.9258463,1.6193060665946306
1,Age,1,0.9258869,1.634953025710675
1,Age,1,0.92592764,1.6505999848267188
1,Age,1,0.9259682,1.666246943942763
1,Age,1,0.92600876,1.6818939030588067
1,Age,1,0.92604935,1.6975408621748507
1,Age,1,0.92608994,1.7131878212908949
1,Age,1,0.9261304,1.7288347804069388
1,Age,1,0.92617095,1.7444817395229826
1,Age,1,0.9262114,1.760128698639027
1,Age,1,0.92625195,1.7757756577550714
1,Age,1,0.9262924,1.7914226168711147
1,Age,1,0.92633283,1.8070695759871591
1,Age,1,0.92637324,1.8227165351032035
1,Age,1,0.92641366,1.8383634942192473
1,Age,1,0.92645407,1.8540104533352912
1,Age,1,0.92649436,1.8696574124513357
1,Age,1,0.9265347,1.8853043715673792
1,Age,1,0.926575,1.9009513306834236
1,Age,1,0.92661524,1.9165982897994671
1,Age,1,0.9266556,1.932245248915512
1,Age,1,0.9266958,1.9478922080315555
1,Age,1,0.92673606,1.9635391671475992
1,Age,1,0.9267763,1.9791861262636437
1,Age,1,0.9268164,1.994833085379688
1,Age,1,0.92685664,2.010480044495732
1,Age,1,0.9268968,2.0261270036117756
1,Age,1,0.92693686,2.04177396272782
1,Age,1,0.92697704,2.0574209218438635
1,Age,1,0.92701715,2.073067880959908
1,Age,1,0.92705715,2.0887148400759514
1,Age,1,0.92709726,2.104361799191996
1,Age,1,0.92713726,2.12000875830804
1,Age,1,0.9271772,2.1356557174240836
1,Age,1,0.9272173,2.151302676540128
1,Age,1,0.92725724,2.166949635656172
1,Age,1,0.9272971,2.182596594772216
1,Age,1,0.9273371,2.19824355388826
1,Age,1,0.927377,2.213890513004304
1,Age,1,0.92741686,2.229537472120348
1,Age,1,0.92745674,2.245184431236392
1,Age,1,0.9274967,2.2608313903524357
1,Age,1,0.9275364,2.27647834946848
1,Age,1,0.92757624,2.2921253085845246
1,Age,1,0.927616,2.307772267700568
1,Age,1,0.9276558,2.323419226816612
1,Age,1,0.9276955,2.339066185932656
1,Age,1,0.9277352,2.3547131450487
1,Age,1,0.92777497,2.370360104164744
1,Age,1,0.92781466,2.3860070632807884
1,Age,1,0.9278543,2.4016540223968317
1,Age,1,0.9278939,2.4173009815128763
1,Age,1,0.9279335,2.4329479406289205
1,Age,1,0.92797315,2.448594899744964
1,Age,1,0.9280127,2.4642418588610084
1,Age,1,0.9280523,2.4798888179770526
1,Age,1,0.9280918,2.4955357770930964
1,Age,1,0.92813134,2.511182736209141
1,Age,1,0.92817086,2.5268296953251843
1,Age,1,0.9282103,2.5424766544412285
1,Age,1,0.9282499,2.558123613557273
1,Age,1,0.9282893,2.5737705726733164
1,Age,1,0.92832863,2.5894175317893606
1,Age,1,0.9283681,2.605064490905405
1,Age,1,0.9284075,2.620711450021448
1,Age,1,0.9284468,2.6363584091374928
1,Age,1,0.92848617,2.652005368253537
1,Age,1,0.92852557,2.6676523273695802
1,Age,1,0.9285648,2.683299286485625
1,Age,1,0.92860407,2.6989462456016686
1,Age,1,0.92864335,2.7145932047177124
1,Age,1,0.9286826,2.730240163833757
1,Age,1,0.9287219,2.7458871229498008
1,Age,1,0.92876107,2.761534082065845
1,Age,1,0.9288002,2.7771810411818882
1,Age,1,0.92883945,2.792828000297933
1,Age,1,0.9288785,2.808474959413977
1,Age,1,0.9289177,2.824121918530021
1,Age,1,0.9289568,2.839768877646065
1,Age,1,0.9289959,2.8554158367621087
1,Age,1,0.9290349,2.8710627958781534
